USER,PID,%CPU,%MEM,VSZ,RSS,TTY,STAT,START,TIME,COMMAND
root,1006,100,0.0,4652,1096,pts/0,R,19:41,255,../run_base_test_mytest-64.0000/exchange2_r_base.mytest-64 0
root,1006,25.4,0.0,4652,1096,pts/0,R,19:41,260,../run_base_test_mytest-64.0000/exchange2_r_base.mytest-64 0
root,3198,100,0.0,4588,1100,pts/0,R,19:43,335,../run_peak_test_mytest-64.0000/exchange2_r_peak.mytest-64 0
root,5188,103,0.0,4652,1104,pts/0,R,19:49,660,../run_base_train_mytest-64.0001/exchange2_r_base.mytest-64 1
root,5188,100,0.0,4652,1104,pts/0,R,19:49,665,../run_base_train_mytest-64.0001/exchange2_r_base.mytest-64 1
root,5188,99.9,0.0,4652,1104,pts/0,R,19:49,670,../run_base_train_mytest-64.0001/exchange2_r_base.mytest-64 1
root,5188,99.5,0.0,4652,1104,pts/0,R,19:49,675,../run_base_train_mytest-64.0001/exchange2_r_base.mytest-64 1
root,5188,99.1,0.0,4652,1104,pts/0,R,19:49,680,../run_base_train_mytest-64.0001/exchange2_r_base.mytest-64 1
root,5188,99.3,0.0,4652,1104,pts/0,R,19:49,685,../run_base_train_mytest-64.0001/exchange2_r_base.mytest-64 1
root,6370,102,0.0,4588,1096,pts/0,R,19:55,1025,../run_peak_train_mytest-64.0000/exchange2_r_peak.mytest-64 1
root,6370,100,0.0,4588,1096,pts/0,R,19:55,1030,../run_peak_train_mytest-64.0000/exchange2_r_peak.mytest-64 1
root,6370,99.5,0.0,4588,1096,pts/0,R,19:55,1035,../run_peak_train_mytest-64.0000/exchange2_r_peak.mytest-64 1
root,6370,99.4,0.0,4588,1096,pts/0,R,19:55,1040,../run_peak_train_mytest-64.0000/exchange2_r_peak.mytest-64 1
root,6370,99.3,0.0,4588,1096,pts/0,R,19:55,1045,../run_peak_train_mytest-64.0000/exchange2_r_peak.mytest-64 1
root,6370,99.3,0.0,4588,1096,pts/0,R,19:55,1050,../run_peak_train_mytest-64.0000/exchange2_r_peak.mytest-64 1
root,12292,101,0.0,4652,1064,pts/0,R,21:25,6310,../run_base_refrate_mytest-64.0002/exchange2_r_base.mytest-64 6
root,12293,101,0.0,4652,1064,pts/0,R,21:25,6310,../run_base_refrate_mytest-64.0002/exchange2_r_base.mytest-64 6
root,12292,99.8,0.0,4652,1064,pts/0,R,21:25,6315,../run_base_refrate_mytest-64.0002/exchange2_r_base.mytest-64 6
root,12293,100,0.0,4652,1064,pts/0,R,21:25,6315,../run_base_refrate_mytest-64.0002/exchange2_r_base.mytest-64 6
root,12292,99.1,0.0,4652,1064,pts/0,R,21:25,6320,../run_base_refrate_mytest-64.0002/exchange2_r_base.mytest-64 6
root,12293,99.5,0.0,4652,1064,pts/0,R,21:25,6320,../run_base_refrate_mytest-64.0002/exchange2_r_base.mytest-64 6
root,12292,99.3,0.0,4652,1064,pts/0,R,21:25,6325,../run_base_refrate_mytest-64.0002/exchange2_r_base.mytest-64 6
root,12293,99.7,0.0,4652,1064,pts/0,R,21:25,6325,../run_base_refrate_mytest-64.0002/exchange2_r_base.mytest-64 6
root,12292,99.2,0.0,4652,1064,pts/0,R,21:25,6330,../run_base_refrate_mytest-64.0002/exchange2_r_base.mytest-64 6
root,12293,99.5,0.0,4652,1064,pts/0,R,21:25,6330,../run_base_refrate_mytest-64.0002/exchange2_r_base.mytest-64 6
root,12292,99.1,0.0,4652,1064,pts/0,R,21:25,6335,../run_base_refrate_mytest-64.0002/exchange2_r_base.mytest-64 6
root,12293,99.4,0.0,4652,1064,pts/0,R,21:25,6335,../run_base_refrate_mytest-64.0002/exchange2_r_base.mytest-64 6
root,12292,99.2,0.0,4652,1064,pts/0,R,21:25,6340,../run_base_refrate_mytest-64.0002/exchange2_r_base.mytest-64 6
root,12293,99.5,0.0,4652,1064,pts/0,R,21:25,6340,../run_base_refrate_mytest-64.0002/exchange2_r_base.mytest-64 6
root,12292,99.2,0.0,4652,1064,pts/0,R,21:25,6345,../run_base_refrate_mytest-64.0002/exchange2_r_base.mytest-64 6
root,12293,99.5,0.0,4652,1064,pts/0,R,21:25,6345,../run_base_refrate_mytest-64.0002/exchange2_r_base.mytest-64 6
root,12292,99.2,0.0,4652,1064,pts/0,R,21:25,6350,../run_base_refrate_mytest-64.0002/exchange2_r_base.mytest-64 6
root,12293,99.5,0.0,4652,1064,pts/0,R,21:25,6350,../run_base_refrate_mytest-64.0002/exchange2_r_base.mytest-64 6
root,12292,99.1,0.0,4652,1064,pts/0,R,21:25,6355,../run_base_refrate_mytest-64.0002/exchange2_r_base.mytest-64 6
root,12293,99.4,0.0,4652,1064,pts/0,R,21:25,6355,../run_base_refrate_mytest-64.0002/exchange2_r_base.mytest-64 6
root,12292,99.1,0.0,4652,1064,pts/0,R,21:25,6360,../run_base_refrate_mytest-64.0002/exchange2_r_base.mytest-64 6
root,12293,99.4,0.0,4652,1064,pts/0,R,21:25,6360,../run_base_refrate_mytest-64.0002/exchange2_r_base.mytest-64 6
root,12292,99.1,0.0,4652,1064,pts/0,R,21:25,6365,../run_base_refrate_mytest-64.0002/exchange2_r_base.mytest-64 6
root,12293,99.4,0.0,4652,1064,pts/0,R,21:25,6365,../run_base_refrate_mytest-64.0002/exchange2_r_base.mytest-64 6
root,12292,99.1,0.0,4652,1064,pts/0,R,21:25,6370,../run_base_refrate_mytest-64.0002/exchange2_r_base.mytest-64 6
root,12293,99.4,0.0,4652,1064,pts/0,R,21:25,6370,../run_base_refrate_mytest-64.0002/exchange2_r_base.mytest-64 6
root,12292,99.1,0.0,4652,1064,pts/0,R,21:25,6375,../run_base_refrate_mytest-64.0002/exchange2_r_base.mytest-64 6
root,12293,99.4,0.0,4652,1064,pts/0,R,21:25,6375,../run_base_refrate_mytest-64.0002/exchange2_r_base.mytest-64 6
root,12292,99.1,0.0,4652,1064,pts/0,R,21:25,6380,../run_base_refrate_mytest-64.0002/exchange2_r_base.mytest-64 6
root,12293,99.4,0.0,4652,1064,pts/0,R,21:25,6380,../run_base_refrate_mytest-64.0002/exchange2_r_base.mytest-64 6
root,12292,99.1,0.0,4652,1064,pts/0,R,21:25,6385,../run_base_refrate_mytest-64.0002/exchange2_r_base.mytest-64 6
root,12293,99.4,0.0,4652,1064,pts/0,R,21:25,6385,../run_base_refrate_mytest-64.0002/exchange2_r_base.mytest-64 6
root,12292,99.1,0.0,4652,1064,pts/0,R,21:25,6390,../run_base_refrate_mytest-64.0002/exchange2_r_base.mytest-64 6
root,12293,99.4,0.0,4652,1064,pts/0,R,21:25,6390,../run_base_refrate_mytest-64.0002/exchange2_r_base.mytest-64 6
root,12292,99.1,0.0,4652,1064,pts/0,R,21:25,6395,../run_base_refrate_mytest-64.0002/exchange2_r_base.mytest-64 6
root,12293,99.4,0.0,4652,1064,pts/0,R,21:25,6395,../run_base_refrate_mytest-64.0002/exchange2_r_base.mytest-64 6
root,12292,99.1,0.0,4652,1064,pts/0,R,21:25,6400,../run_base_refrate_mytest-64.0002/exchange2_r_base.mytest-64 6
root,12293,99.4,0.0,4652,1064,pts/0,R,21:25,6400,../run_base_refrate_mytest-64.0002/exchange2_r_base.mytest-64 6
root,12292,99.1,0.0,4652,1064,pts/0,R,21:25,6405,../run_base_refrate_mytest-64.0002/exchange2_r_base.mytest-64 6
root,12293,99.4,0.0,4652,1064,pts/0,R,21:25,6405,../run_base_refrate_mytest-64.0002/exchange2_r_base.mytest-64 6
root,12292,99.1,0.0,4652,1064,pts/0,R,21:25,6410,../run_base_refrate_mytest-64.0002/exchange2_r_base.mytest-64 6
root,12293,99.4,0.0,4652,1064,pts/0,R,21:25,6410,../run_base_refrate_mytest-64.0002/exchange2_r_base.mytest-64 6
root,12292,99.1,0.0,4652,1064,pts/0,R,21:25,6415,../run_base_refrate_mytest-64.0002/exchange2_r_base.mytest-64 6
root,12293,99.4,0.0,4652,1064,pts/0,R,21:25,6415,../run_base_refrate_mytest-64.0002/exchange2_r_base.mytest-64 6
root,12292,99.1,0.0,4652,1064,pts/0,R,21:25,6420,../run_base_refrate_mytest-64.0002/exchange2_r_base.mytest-64 6
root,12293,99.4,0.0,4652,1064,pts/0,R,21:25,6420,../run_base_refrate_mytest-64.0002/exchange2_r_base.mytest-64 6
root,12292,99.1,0.0,4652,1064,pts/0,R,21:25,6425,../run_base_refrate_mytest-64.0002/exchange2_r_base.mytest-64 6
root,12293,99.4,0.0,4652,1064,pts/0,R,21:25,6425,../run_base_refrate_mytest-64.0002/exchange2_r_base.mytest-64 6
root,12292,99.1,0.0,4652,1064,pts/0,R,21:25,6430,../run_base_refrate_mytest-64.0002/exchange2_r_base.mytest-64 6
root,12293,99.4,0.0,4652,1064,pts/0,R,21:25,6430,../run_base_refrate_mytest-64.0002/exchange2_r_base.mytest-64 6
root,12292,99.1,0.0,4652,1064,pts/0,R,21:25,6435,../run_base_refrate_mytest-64.0002/exchange2_r_base.mytest-64 6
root,12293,99.4,0.0,4652,1064,pts/0,R,21:25,6435,../run_base_refrate_mytest-64.0002/exchange2_r_base.mytest-64 6
root,12292,99.1,0.0,4652,1064,pts/0,R,21:25,6440,../run_base_refrate_mytest-64.0002/exchange2_r_base.mytest-64 6
root,12293,99.4,0.0,4652,1064,pts/0,R,21:25,6440,../run_base_refrate_mytest-64.0002/exchange2_r_base.mytest-64 6
root,12292,99.1,0.0,4652,1064,pts/0,R,21:25,6445,../run_base_refrate_mytest-64.0002/exchange2_r_base.mytest-64 6
root,12293,99.4,0.0,4652,1064,pts/0,R,21:25,6445,../run_base_refrate_mytest-64.0002/exchange2_r_base.mytest-64 6
root,12292,99.1,0.0,4652,1064,pts/0,R,21:25,6450,../run_base_refrate_mytest-64.0002/exchange2_r_base.mytest-64 6
root,12293,99.4,0.0,4652,1064,pts/0,R,21:25,6450,../run_base_refrate_mytest-64.0002/exchange2_r_base.mytest-64 6
root,12292,99.1,0.0,4652,1064,pts/0,R,21:25,6455,../run_base_refrate_mytest-64.0002/exchange2_r_base.mytest-64 6
root,12293,99.3,0.0,4652,1064,pts/0,R,21:25,6455,../run_base_refrate_mytest-64.0002/exchange2_r_base.mytest-64 6
root,12292,99.1,0.0,4652,1064,pts/0,R,21:25,6460,../run_base_refrate_mytest-64.0002/exchange2_r_base.mytest-64 6
root,12293,99.3,0.0,4652,1064,pts/0,R,21:25,6460,../run_base_refrate_mytest-64.0002/exchange2_r_base.mytest-64 6
root,12292,99.2,0.0,4652,1064,pts/0,R,21:25,6465,../run_base_refrate_mytest-64.0002/exchange2_r_base.mytest-64 6
root,12293,99.4,0.0,4652,1064,pts/0,R,21:25,6465,../run_base_refrate_mytest-64.0002/exchange2_r_base.mytest-64 6
root,12292,99.1,0.0,4652,1064,pts/0,R,21:25,6470,../run_base_refrate_mytest-64.0002/exchange2_r_base.mytest-64 6
root,12293,99.4,0.0,4652,1064,pts/0,R,21:25,6470,../run_base_refrate_mytest-64.0002/exchange2_r_base.mytest-64 6
root,12292,99.1,0.0,4652,1064,pts/0,R,21:25,6475,../run_base_refrate_mytest-64.0002/exchange2_r_base.mytest-64 6
root,12293,99.4,0.0,4652,1064,pts/0,R,21:25,6475,../run_base_refrate_mytest-64.0002/exchange2_r_base.mytest-64 6
root,12292,99.1,0.0,4652,1064,pts/0,R,21:25,6480,../run_base_refrate_mytest-64.0002/exchange2_r_base.mytest-64 6
root,12293,99.4,0.0,4652,1064,pts/0,R,21:25,6480,../run_base_refrate_mytest-64.0002/exchange2_r_base.mytest-64 6
root,12292,99.1,0.0,4652,1064,pts/0,R,21:25,6485,../run_base_refrate_mytest-64.0002/exchange2_r_base.mytest-64 6
root,12293,99.4,0.0,4652,1064,pts/0,R,21:25,6485,../run_base_refrate_mytest-64.0002/exchange2_r_base.mytest-64 6
root,12292,99.1,0.0,4652,1064,pts/0,R,21:25,6490,../run_base_refrate_mytest-64.0002/exchange2_r_base.mytest-64 6
root,12293,99.4,0.0,4652,1064,pts/0,R,21:25,6490,../run_base_refrate_mytest-64.0002/exchange2_r_base.mytest-64 6
root,12292,99.1,0.0,4652,1064,pts/0,R,21:25,6495,../run_base_refrate_mytest-64.0002/exchange2_r_base.mytest-64 6
root,12293,99.4,0.0,4652,1064,pts/0,R,21:25,6495,../run_base_refrate_mytest-64.0002/exchange2_r_base.mytest-64 6
root,12292,99.1,0.0,4652,1064,pts/0,R,21:25,6500,../run_base_refrate_mytest-64.0002/exchange2_r_base.mytest-64 6
root,12293,99.4,0.0,4652,1064,pts/0,R,21:25,6500,../run_base_refrate_mytest-64.0002/exchange2_r_base.mytest-64 6
root,12292,99.1,0.0,4652,1064,pts/0,R,21:25,6505,../run_base_refrate_mytest-64.0002/exchange2_r_base.mytest-64 6
root,12293,99.4,0.0,4652,1064,pts/0,R,21:25,6505,../run_base_refrate_mytest-64.0002/exchange2_r_base.mytest-64 6
root,12292,99.1,0.0,4652,1064,pts/0,R,21:25,6510,../run_base_refrate_mytest-64.0002/exchange2_r_base.mytest-64 6
root,12293,99.4,0.0,4652,1064,pts/0,R,21:25,6510,../run_base_refrate_mytest-64.0002/exchange2_r_base.mytest-64 6
root,12292,99.1,0.0,4652,1064,pts/0,R,21:25,6515,../run_base_refrate_mytest-64.0002/exchange2_r_base.mytest-64 6
root,12293,99.4,0.0,4652,1064,pts/0,R,21:25,6515,../run_base_refrate_mytest-64.0002/exchange2_r_base.mytest-64 6
root,12292,99.1,0.0,4652,1064,pts/0,R,21:25,6520,../run_base_refrate_mytest-64.0002/exchange2_r_base.mytest-64 6
root,12293,99.4,0.0,4652,1064,pts/0,R,21:25,6520,../run_base_refrate_mytest-64.0002/exchange2_r_base.mytest-64 6
root,12292,99.1,0.0,4652,1064,pts/0,R,21:25,6525,../run_base_refrate_mytest-64.0002/exchange2_r_base.mytest-64 6
root,12293,99.4,0.0,4652,1064,pts/0,R,21:25,6525,../run_base_refrate_mytest-64.0002/exchange2_r_base.mytest-64 6
root,12292,99.1,0.0,4652,1064,pts/0,R,21:25,6530,../run_base_refrate_mytest-64.0002/exchange2_r_base.mytest-64 6
root,12293,99.3,0.0,4652,1064,pts/0,R,21:25,6530,../run_base_refrate_mytest-64.0002/exchange2_r_base.mytest-64 6
root,12292,99.1,0.0,4652,1064,pts/0,R,21:25,6535,../run_base_refrate_mytest-64.0002/exchange2_r_base.mytest-64 6
root,12293,99.3,0.0,4652,1064,pts/0,R,21:25,6535,../run_base_refrate_mytest-64.0002/exchange2_r_base.mytest-64 6
root,12292,99.1,0.0,4652,1064,pts/0,R,21:25,6540,../run_base_refrate_mytest-64.0002/exchange2_r_base.mytest-64 6
root,12293,99.4,0.0,4652,1064,pts/0,R,21:25,6540,../run_base_refrate_mytest-64.0002/exchange2_r_base.mytest-64 6
root,12292,99.1,0.0,4652,1064,pts/0,R,21:25,6545,../run_base_refrate_mytest-64.0002/exchange2_r_base.mytest-64 6
root,12293,99.4,0.0,4652,1064,pts/0,R,21:25,6545,../run_base_refrate_mytest-64.0002/exchange2_r_base.mytest-64 6
root,12292,99.1,0.0,4652,1064,pts/0,R,21:25,6550,../run_base_refrate_mytest-64.0002/exchange2_r_base.mytest-64 6
root,12293,99.4,0.0,4652,1064,pts/0,R,21:25,6550,../run_base_refrate_mytest-64.0002/exchange2_r_base.mytest-64 6
root,12292,99.1,0.0,4652,1064,pts/0,R,21:25,6555,../run_base_refrate_mytest-64.0002/exchange2_r_base.mytest-64 6
root,12293,99.3,0.0,4652,1064,pts/0,R,21:25,6555,../run_base_refrate_mytest-64.0002/exchange2_r_base.mytest-64 6
root,12292,99.1,0.0,4652,1064,pts/0,R,21:25,6560,../run_base_refrate_mytest-64.0002/exchange2_r_base.mytest-64 6
root,12293,99.3,0.0,4652,1064,pts/0,R,21:25,6560,../run_base_refrate_mytest-64.0002/exchange2_r_base.mytest-64 6
root,12292,99.1,0.0,4652,1064,pts/0,R,21:25,6565,../run_base_refrate_mytest-64.0002/exchange2_r_base.mytest-64 6
root,12293,99.3,0.0,4652,1064,pts/0,R,21:25,6565,../run_base_refrate_mytest-64.0002/exchange2_r_base.mytest-64 6
root,12292,99.1,0.0,4652,1064,pts/0,R,21:25,6570,../run_base_refrate_mytest-64.0002/exchange2_r_base.mytest-64 6
root,12293,99.3,0.0,4652,1064,pts/0,R,21:25,6570,../run_base_refrate_mytest-64.0002/exchange2_r_base.mytest-64 6
root,12292,99.1,0.0,4652,1064,pts/0,R,21:25,6575,../run_base_refrate_mytest-64.0002/exchange2_r_base.mytest-64 6
root,12293,99.3,0.0,4652,1064,pts/0,R,21:25,6575,../run_base_refrate_mytest-64.0002/exchange2_r_base.mytest-64 6
root,12292,99.1,0.0,4652,1064,pts/0,R,21:25,6580,../run_base_refrate_mytest-64.0002/exchange2_r_base.mytest-64 6
root,12293,99.3,0.0,4652,1064,pts/0,R,21:25,6580,../run_base_refrate_mytest-64.0002/exchange2_r_base.mytest-64 6
root,12292,99.1,0.0,4652,1064,pts/0,R,21:25,6585,../run_base_refrate_mytest-64.0002/exchange2_r_base.mytest-64 6
root,12293,99.3,0.0,4652,1064,pts/0,R,21:25,6585,../run_base_refrate_mytest-64.0002/exchange2_r_base.mytest-64 6
root,12292,99.1,0.0,4652,1064,pts/0,R,21:25,6590,../run_base_refrate_mytest-64.0002/exchange2_r_base.mytest-64 6
root,12293,99.3,0.0,4652,1064,pts/0,R,21:25,6590,../run_base_refrate_mytest-64.0002/exchange2_r_base.mytest-64 6
root,12292,99.1,0.0,4652,1064,pts/0,R,21:25,6595,../run_base_refrate_mytest-64.0002/exchange2_r_base.mytest-64 6
root,12293,99.3,0.0,4652,1064,pts/0,R,21:25,6595,../run_base_refrate_mytest-64.0002/exchange2_r_base.mytest-64 6
root,12292,99.1,0.0,4652,1064,pts/0,R,21:25,6600,../run_base_refrate_mytest-64.0002/exchange2_r_base.mytest-64 6
root,12293,99.4,0.0,4652,1064,pts/0,R,21:25,6600,../run_base_refrate_mytest-64.0002/exchange2_r_base.mytest-64 6
root,12292,99.1,0.0,4652,1064,pts/0,R,21:25,6605,../run_base_refrate_mytest-64.0002/exchange2_r_base.mytest-64 6
root,12293,99.4,0.0,4652,1064,pts/0,R,21:25,6605,../run_base_refrate_mytest-64.0002/exchange2_r_base.mytest-64 6
root,12292,99.1,0.0,4652,1064,pts/0,R,21:25,6610,../run_base_refrate_mytest-64.0002/exchange2_r_base.mytest-64 6
root,12293,99.3,0.0,4652,1064,pts/0,R,21:25,6610,../run_base_refrate_mytest-64.0002/exchange2_r_base.mytest-64 6
root,12292,99.1,0.0,4652,1064,pts/0,R,21:25,6615,../run_base_refrate_mytest-64.0002/exchange2_r_base.mytest-64 6
root,12293,99.3,0.0,4652,1064,pts/0,R,21:25,6615,../run_base_refrate_mytest-64.0002/exchange2_r_base.mytest-64 6
root,12292,99.1,0.0,4652,1064,pts/0,R,21:25,6620,../run_base_refrate_mytest-64.0002/exchange2_r_base.mytest-64 6
root,12293,99.3,0.0,4652,1064,pts/0,R,21:25,6620,../run_base_refrate_mytest-64.0002/exchange2_r_base.mytest-64 6
root,12292,99.1,0.0,4652,1064,pts/0,R,21:25,6625,../run_base_refrate_mytest-64.0002/exchange2_r_base.mytest-64 6
root,12293,99.3,0.0,4652,1064,pts/0,R,21:25,6625,../run_base_refrate_mytest-64.0002/exchange2_r_base.mytest-64 6
root,12292,99.1,0.0,4652,1064,pts/0,R,21:25,6630,../run_base_refrate_mytest-64.0002/exchange2_r_base.mytest-64 6
root,12293,99.3,0.0,4652,1064,pts/0,R,21:25,6630,../run_base_refrate_mytest-64.0002/exchange2_r_base.mytest-64 6
root,12292,99.1,0.0,4652,1064,pts/0,R,21:25,6635,../run_base_refrate_mytest-64.0002/exchange2_r_base.mytest-64 6
root,12293,99.3,0.0,4652,1064,pts/0,R,21:25,6635,../run_base_refrate_mytest-64.0002/exchange2_r_base.mytest-64 6
root,12292,99.1,0.0,4652,1064,pts/0,R,21:25,6640,../run_base_refrate_mytest-64.0002/exchange2_r_base.mytest-64 6
root,12293,99.3,0.0,4652,1064,pts/0,R,21:25,6640,../run_base_refrate_mytest-64.0002/exchange2_r_base.mytest-64 6
root,12292,99.1,0.0,4652,1064,pts/0,R,21:25,6645,../run_base_refrate_mytest-64.0002/exchange2_r_base.mytest-64 6
root,12293,99.3,0.0,4652,1064,pts/0,R,21:25,6645,../run_base_refrate_mytest-64.0002/exchange2_r_base.mytest-64 6
root,12292,99.1,0.0,4652,1064,pts/0,R,21:25,6650,../run_base_refrate_mytest-64.0002/exchange2_r_base.mytest-64 6
root,12293,99.3,0.0,4652,1064,pts/0,R,21:25,6650,../run_base_refrate_mytest-64.0002/exchange2_r_base.mytest-64 6
root,12292,99.1,0.0,4652,1064,pts/0,R,21:25,6655,../run_base_refrate_mytest-64.0002/exchange2_r_base.mytest-64 6
root,12293,99.3,0.0,4652,1064,pts/0,R,21:25,6655,../run_base_refrate_mytest-64.0002/exchange2_r_base.mytest-64 6
root,12292,99.1,0.0,4652,1064,pts/0,R,21:25,6660,../run_base_refrate_mytest-64.0002/exchange2_r_base.mytest-64 6
root,12293,99.3,0.0,4652,1064,pts/0,R,21:25,6660,../run_base_refrate_mytest-64.0002/exchange2_r_base.mytest-64 6
root,17011,105,0.0,4652,1052,pts/0,R,23:12,12550,../run_base_refrate_mytest-64.0002/exchange2_r_base.mytest-64 6
root,17012,104,0.0,4652,1048,pts/0,R,23:12,12550,../run_base_refrate_mytest-64.0002/exchange2_r_base.mytest-64 6
root,17011,100,0.0,4652,1052,pts/0,R,23:12,12555,../run_base_refrate_mytest-64.0002/exchange2_r_base.mytest-64 6
root,17012,100,0.0,4652,1048,pts/0,R,23:12,12555,../run_base_refrate_mytest-64.0002/exchange2_r_base.mytest-64 6
root,17011,100,0.0,4652,1052,pts/0,R,23:12,12560,../run_base_refrate_mytest-64.0002/exchange2_r_base.mytest-64 6
root,17012,99.8,0.0,4652,1048,pts/0,R,23:12,12560,../run_base_refrate_mytest-64.0002/exchange2_r_base.mytest-64 6
root,17011,100,0.0,4652,1052,pts/0,R,23:12,12565,../run_base_refrate_mytest-64.0002/exchange2_r_base.mytest-64 6
root,17012,99.7,0.0,4652,1048,pts/0,R,23:12,12565,../run_base_refrate_mytest-64.0002/exchange2_r_base.mytest-64 6
root,17011,99.5,0.0,4652,1052,pts/0,R,23:12,12570,../run_base_refrate_mytest-64.0002/exchange2_r_base.mytest-64 6
root,17012,99.3,0.0,4652,1048,pts/0,R,23:12,12570,../run_base_refrate_mytest-64.0002/exchange2_r_base.mytest-64 6
root,17011,99.7,0.0,4652,1052,pts/0,R,23:12,12575,../run_base_refrate_mytest-64.0002/exchange2_r_base.mytest-64 6
root,17012,99.5,0.0,4652,1048,pts/0,R,23:12,12575,../run_base_refrate_mytest-64.0002/exchange2_r_base.mytest-64 6
root,17011,99.6,0.0,4652,1052,pts/0,R,23:12,12580,../run_base_refrate_mytest-64.0002/exchange2_r_base.mytest-64 6
root,17012,99.4,0.0,4652,1048,pts/0,R,23:12,12580,../run_base_refrate_mytest-64.0002/exchange2_r_base.mytest-64 6
root,17011,99.5,0.0,4652,1052,pts/0,R,23:12,12585,../run_base_refrate_mytest-64.0002/exchange2_r_base.mytest-64 6
root,17012,99.3,0.0,4652,1048,pts/0,R,23:12,12585,../run_base_refrate_mytest-64.0002/exchange2_r_base.mytest-64 6
root,17011,99.5,0.0,4652,1052,pts/0,R,23:12,12590,../run_base_refrate_mytest-64.0002/exchange2_r_base.mytest-64 6
root,17012,99.3,0.0,4652,1048,pts/0,R,23:12,12590,../run_base_refrate_mytest-64.0002/exchange2_r_base.mytest-64 6
root,17011,99.5,0.0,4652,1052,pts/0,R,23:12,12595,../run_base_refrate_mytest-64.0002/exchange2_r_base.mytest-64 6
root,17012,99.2,0.0,4652,1048,pts/0,R,23:12,12595,../run_base_refrate_mytest-64.0002/exchange2_r_base.mytest-64 6
root,17011,99.5,0.0,4652,1052,pts/0,R,23:12,12600,../run_base_refrate_mytest-64.0002/exchange2_r_base.mytest-64 6
root,17012,99.2,0.0,4652,1048,pts/0,R,23:12,12600,../run_base_refrate_mytest-64.0002/exchange2_r_base.mytest-64 6
root,17011,99.4,0.0,4652,1052,pts/0,R,23:12,12605,../run_base_refrate_mytest-64.0002/exchange2_r_base.mytest-64 6
root,17012,99.2,0.0,4652,1048,pts/0,R,23:12,12605,../run_base_refrate_mytest-64.0002/exchange2_r_base.mytest-64 6
root,17011,99.5,0.0,4652,1052,pts/0,R,23:12,12610,../run_base_refrate_mytest-64.0002/exchange2_r_base.mytest-64 6
root,17012,99.2,0.0,4652,1048,pts/0,R,23:12,12610,../run_base_refrate_mytest-64.0002/exchange2_r_base.mytest-64 6
root,17011,99.5,0.0,4652,1052,pts/0,R,23:12,12615,../run_base_refrate_mytest-64.0002/exchange2_r_base.mytest-64 6
root,17012,99.2,0.0,4652,1048,pts/0,R,23:12,12615,../run_base_refrate_mytest-64.0002/exchange2_r_base.mytest-64 6
root,17011,99.4,0.0,4652,1052,pts/0,R,23:12,12620,../run_base_refrate_mytest-64.0002/exchange2_r_base.mytest-64 6
root,17012,99.1,0.0,4652,1048,pts/0,R,23:12,12620,../run_base_refrate_mytest-64.0002/exchange2_r_base.mytest-64 6
root,17011,99.4,0.0,4652,1052,pts/0,R,23:12,12625,../run_base_refrate_mytest-64.0002/exchange2_r_base.mytest-64 6
root,17012,99.0,0.0,4652,1048,pts/0,R,23:12,12625,../run_base_refrate_mytest-64.0002/exchange2_r_base.mytest-64 6
root,17011,99.4,0.0,4652,1052,pts/0,R,23:12,12630,../run_base_refrate_mytest-64.0002/exchange2_r_base.mytest-64 6
root,17012,99.0,0.0,4652,1048,pts/0,R,23:12,12630,../run_base_refrate_mytest-64.0002/exchange2_r_base.mytest-64 6
root,17011,99.4,0.0,4652,1052,pts/0,R,23:12,12635,../run_base_refrate_mytest-64.0002/exchange2_r_base.mytest-64 6
root,17012,99.1,0.0,4652,1048,pts/0,R,23:12,12635,../run_base_refrate_mytest-64.0002/exchange2_r_base.mytest-64 6
root,17011,99.4,0.0,4652,1052,pts/0,R,23:12,12640,../run_base_refrate_mytest-64.0002/exchange2_r_base.mytest-64 6
root,17012,99.1,0.0,4652,1048,pts/0,R,23:12,12640,../run_base_refrate_mytest-64.0002/exchange2_r_base.mytest-64 6
root,17011,99.4,0.0,4652,1052,pts/0,R,23:12,12645,../run_base_refrate_mytest-64.0002/exchange2_r_base.mytest-64 6
root,17012,99.1,0.0,4652,1048,pts/0,R,23:12,12645,../run_base_refrate_mytest-64.0002/exchange2_r_base.mytest-64 6
root,17011,99.3,0.0,4652,1052,pts/0,R,23:12,12650,../run_base_refrate_mytest-64.0002/exchange2_r_base.mytest-64 6
root,17012,99.0,0.0,4652,1048,pts/0,R,23:12,12650,../run_base_refrate_mytest-64.0002/exchange2_r_base.mytest-64 6
root,17011,99.4,0.0,4652,1052,pts/0,R,23:12,12655,../run_base_refrate_mytest-64.0002/exchange2_r_base.mytest-64 6
root,17012,99.1,0.0,4652,1048,pts/0,R,23:12,12655,../run_base_refrate_mytest-64.0002/exchange2_r_base.mytest-64 6
root,17011,99.4,0.0,4652,1052,pts/0,R,23:12,12660,../run_base_refrate_mytest-64.0002/exchange2_r_base.mytest-64 6
root,17012,99.1,0.0,4652,1048,pts/0,R,23:12,12660,../run_base_refrate_mytest-64.0002/exchange2_r_base.mytest-64 6
root,17011,99.4,0.0,4652,1052,pts/0,R,23:12,12665,../run_base_refrate_mytest-64.0002/exchange2_r_base.mytest-64 6
root,17012,99.1,0.0,4652,1048,pts/0,R,23:12,12665,../run_base_refrate_mytest-64.0002/exchange2_r_base.mytest-64 6
root,17011,99.4,0.0,4652,1052,pts/0,R,23:12,12670,../run_base_refrate_mytest-64.0002/exchange2_r_base.mytest-64 6
root,17012,99.1,0.0,4652,1048,pts/0,R,23:12,12670,../run_base_refrate_mytest-64.0002/exchange2_r_base.mytest-64 6
root,17011,99.4,0.0,4652,1052,pts/0,R,23:12,12675,../run_base_refrate_mytest-64.0002/exchange2_r_base.mytest-64 6
root,17012,99.1,0.0,4652,1048,pts/0,R,23:12,12675,../run_base_refrate_mytest-64.0002/exchange2_r_base.mytest-64 6
root,17011,99.4,0.0,4652,1052,pts/0,R,23:12,12680,../run_base_refrate_mytest-64.0002/exchange2_r_base.mytest-64 6
root,17012,99.1,0.0,4652,1048,pts/0,R,23:12,12680,../run_base_refrate_mytest-64.0002/exchange2_r_base.mytest-64 6
root,17011,99.4,0.0,4652,1052,pts/0,R,23:12,12685,../run_base_refrate_mytest-64.0002/exchange2_r_base.mytest-64 6
root,17012,99.1,0.0,4652,1048,pts/0,R,23:12,12685,../run_base_refrate_mytest-64.0002/exchange2_r_base.mytest-64 6
root,17011,99.3,0.0,4652,1052,pts/0,R,23:12,12690,../run_base_refrate_mytest-64.0002/exchange2_r_base.mytest-64 6
root,17012,99.0,0.0,4652,1048,pts/0,R,23:12,12690,../run_base_refrate_mytest-64.0002/exchange2_r_base.mytest-64 6
root,17011,99.3,0.0,4652,1052,pts/0,R,23:12,12695,../run_base_refrate_mytest-64.0002/exchange2_r_base.mytest-64 6
root,17012,99.0,0.0,4652,1048,pts/0,R,23:12,12695,../run_base_refrate_mytest-64.0002/exchange2_r_base.mytest-64 6
root,17011,99.4,0.0,4652,1052,pts/0,R,23:12,12700,../run_base_refrate_mytest-64.0002/exchange2_r_base.mytest-64 6
root,17012,99.1,0.0,4652,1048,pts/0,R,23:12,12700,../run_base_refrate_mytest-64.0002/exchange2_r_base.mytest-64 6
root,17011,99.4,0.0,4652,1052,pts/0,R,23:12,12705,../run_base_refrate_mytest-64.0002/exchange2_r_base.mytest-64 6
root,17012,99.1,0.0,4652,1048,pts/0,R,23:12,12705,../run_base_refrate_mytest-64.0002/exchange2_r_base.mytest-64 6
root,17011,99.4,0.0,4652,1052,pts/0,R,23:12,12710,../run_base_refrate_mytest-64.0002/exchange2_r_base.mytest-64 6
root,17012,99.1,0.0,4652,1048,pts/0,R,23:12,12710,../run_base_refrate_mytest-64.0002/exchange2_r_base.mytest-64 6
root,17011,99.3,0.0,4652,1052,pts/0,R,23:12,12715,../run_base_refrate_mytest-64.0002/exchange2_r_base.mytest-64 6
root,17012,99.1,0.0,4652,1048,pts/0,R,23:12,12715,../run_base_refrate_mytest-64.0002/exchange2_r_base.mytest-64 6
root,17011,99.4,0.0,4652,1052,pts/0,R,23:12,12720,../run_base_refrate_mytest-64.0002/exchange2_r_base.mytest-64 6
root,17012,99.1,0.0,4652,1048,pts/0,R,23:12,12720,../run_base_refrate_mytest-64.0002/exchange2_r_base.mytest-64 6
root,17011,99.4,0.0,4652,1052,pts/0,R,23:12,12725,../run_base_refrate_mytest-64.0002/exchange2_r_base.mytest-64 6
root,17012,99.1,0.0,4652,1048,pts/0,R,23:12,12725,../run_base_refrate_mytest-64.0002/exchange2_r_base.mytest-64 6
root,17011,99.3,0.0,4652,1052,pts/0,R,23:12,12730,../run_base_refrate_mytest-64.0002/exchange2_r_base.mytest-64 6
root,17012,99.1,0.0,4652,1048,pts/0,R,23:12,12730,../run_base_refrate_mytest-64.0002/exchange2_r_base.mytest-64 6
root,17011,99.3,0.0,4652,1052,pts/0,R,23:12,12735,../run_base_refrate_mytest-64.0002/exchange2_r_base.mytest-64 6
root,17012,99.1,0.0,4652,1048,pts/0,R,23:12,12735,../run_base_refrate_mytest-64.0002/exchange2_r_base.mytest-64 6
root,17011,99.4,0.0,4652,1052,pts/0,R,23:12,12740,../run_base_refrate_mytest-64.0002/exchange2_r_base.mytest-64 6
root,17012,99.1,0.0,4652,1048,pts/0,R,23:12,12740,../run_base_refrate_mytest-64.0002/exchange2_r_base.mytest-64 6
root,17011,99.4,0.0,4652,1052,pts/0,R,23:12,12745,../run_base_refrate_mytest-64.0002/exchange2_r_base.mytest-64 6
root,17012,99.1,0.0,4652,1048,pts/0,R,23:12,12745,../run_base_refrate_mytest-64.0002/exchange2_r_base.mytest-64 6
root,17011,99.3,0.0,4652,1052,pts/0,R,23:12,12750,../run_base_refrate_mytest-64.0002/exchange2_r_base.mytest-64 6
root,17012,99.0,0.0,4652,1048,pts/0,R,23:12,12750,../run_base_refrate_mytest-64.0002/exchange2_r_base.mytest-64 6
root,17011,99.3,0.0,4652,1052,pts/0,R,23:12,12755,../run_base_refrate_mytest-64.0002/exchange2_r_base.mytest-64 6
root,17012,99.0,0.0,4652,1048,pts/0,R,23:12,12755,../run_base_refrate_mytest-64.0002/exchange2_r_base.mytest-64 6
root,17011,99.4,0.0,4652,1052,pts/0,R,23:12,12760,../run_base_refrate_mytest-64.0002/exchange2_r_base.mytest-64 6
root,17012,99.1,0.0,4652,1048,pts/0,R,23:12,12760,../run_base_refrate_mytest-64.0002/exchange2_r_base.mytest-64 6
root,17011,99.4,0.0,4652,1052,pts/0,R,23:12,12765,../run_base_refrate_mytest-64.0002/exchange2_r_base.mytest-64 6
root,17012,99.1,0.0,4652,1048,pts/0,R,23:12,12765,../run_base_refrate_mytest-64.0002/exchange2_r_base.mytest-64 6
root,17011,99.4,0.0,4652,1052,pts/0,R,23:12,12770,../run_base_refrate_mytest-64.0002/exchange2_r_base.mytest-64 6
root,17012,99.1,0.0,4652,1048,pts/0,R,23:12,12770,../run_base_refrate_mytest-64.0002/exchange2_r_base.mytest-64 6
root,17011,99.3,0.0,4652,1052,pts/0,R,23:12,12775,../run_base_refrate_mytest-64.0002/exchange2_r_base.mytest-64 6
root,17012,99.1,0.0,4652,1048,pts/0,R,23:12,12775,../run_base_refrate_mytest-64.0002/exchange2_r_base.mytest-64 6
root,17011,99.3,0.0,4652,1052,pts/0,R,23:12,12780,../run_base_refrate_mytest-64.0002/exchange2_r_base.mytest-64 6
root,17012,99.1,0.0,4652,1048,pts/0,R,23:12,12780,../run_base_refrate_mytest-64.0002/exchange2_r_base.mytest-64 6
root,17011,99.3,0.0,4652,1052,pts/0,R,23:12,12785,../run_base_refrate_mytest-64.0002/exchange2_r_base.mytest-64 6
root,17012,99.1,0.0,4652,1048,pts/0,R,23:12,12785,../run_base_refrate_mytest-64.0002/exchange2_r_base.mytest-64 6
root,17011,99.3,0.0,4652,1052,pts/0,R,23:12,12790,../run_base_refrate_mytest-64.0002/exchange2_r_base.mytest-64 6
root,17012,99.1,0.0,4652,1048,pts/0,R,23:12,12790,../run_base_refrate_mytest-64.0002/exchange2_r_base.mytest-64 6
root,17011,99.4,0.0,4652,1052,pts/0,R,23:12,12795,../run_base_refrate_mytest-64.0002/exchange2_r_base.mytest-64 6
root,17012,99.1,0.0,4652,1048,pts/0,R,23:12,12795,../run_base_refrate_mytest-64.0002/exchange2_r_base.mytest-64 6
root,17011,99.3,0.0,4652,1052,pts/0,R,23:12,12800,../run_base_refrate_mytest-64.0002/exchange2_r_base.mytest-64 6
root,17012,99.1,0.0,4652,1048,pts/0,R,23:12,12800,../run_base_refrate_mytest-64.0002/exchange2_r_base.mytest-64 6
root,17011,99.3,0.0,4652,1052,pts/0,R,23:12,12805,../run_base_refrate_mytest-64.0002/exchange2_r_base.mytest-64 6
root,17012,99.1,0.0,4652,1048,pts/0,R,23:12,12805,../run_base_refrate_mytest-64.0002/exchange2_r_base.mytest-64 6
root,17011,99.3,0.0,4652,1052,pts/0,R,23:12,12810,../run_base_refrate_mytest-64.0002/exchange2_r_base.mytest-64 6
root,17012,99.1,0.0,4652,1048,pts/0,R,23:12,12810,../run_base_refrate_mytest-64.0002/exchange2_r_base.mytest-64 6
root,17011,99.4,0.0,4652,1052,pts/0,R,23:12,12815,../run_base_refrate_mytest-64.0002/exchange2_r_base.mytest-64 6
root,17012,99.1,0.0,4652,1048,pts/0,R,23:12,12815,../run_base_refrate_mytest-64.0002/exchange2_r_base.mytest-64 6
root,17011,99.4,0.0,4652,1052,pts/0,R,23:12,12820,../run_base_refrate_mytest-64.0002/exchange2_r_base.mytest-64 6
root,17012,99.1,0.0,4652,1048,pts/0,R,23:12,12820,../run_base_refrate_mytest-64.0002/exchange2_r_base.mytest-64 6
root,17011,99.4,0.0,4652,1052,pts/0,R,23:12,12825,../run_base_refrate_mytest-64.0002/exchange2_r_base.mytest-64 6
root,17012,99.1,0.0,4652,1048,pts/0,R,23:12,12825,../run_base_refrate_mytest-64.0002/exchange2_r_base.mytest-64 6
root,17011,99.3,0.0,4652,1052,pts/0,R,23:12,12830,../run_base_refrate_mytest-64.0002/exchange2_r_base.mytest-64 6
root,17012,99.1,0.0,4652,1048,pts/0,R,23:12,12830,../run_base_refrate_mytest-64.0002/exchange2_r_base.mytest-64 6
root,17011,99.3,0.0,4652,1052,pts/0,R,23:12,12835,../run_base_refrate_mytest-64.0002/exchange2_r_base.mytest-64 6
root,17012,99.1,0.0,4652,1048,pts/0,R,23:12,12835,../run_base_refrate_mytest-64.0002/exchange2_r_base.mytest-64 6
root,17011,99.3,0.0,4652,1052,pts/0,R,23:12,12840,../run_base_refrate_mytest-64.0002/exchange2_r_base.mytest-64 6
root,17012,99.1,0.0,4652,1048,pts/0,R,23:12,12840,../run_base_refrate_mytest-64.0002/exchange2_r_base.mytest-64 6
root,17011,99.4,0.0,4652,1052,pts/0,R,23:12,12845,../run_base_refrate_mytest-64.0002/exchange2_r_base.mytest-64 6
root,17012,99.1,0.0,4652,1048,pts/0,R,23:12,12845,../run_base_refrate_mytest-64.0002/exchange2_r_base.mytest-64 6
root,17011,99.4,0.0,4652,1052,pts/0,R,23:12,12850,../run_base_refrate_mytest-64.0002/exchange2_r_base.mytest-64 6
root,17012,99.1,0.0,4652,1048,pts/0,R,23:12,12850,../run_base_refrate_mytest-64.0002/exchange2_r_base.mytest-64 6
root,17011,99.3,0.0,4652,1052,pts/0,R,23:12,12855,../run_base_refrate_mytest-64.0002/exchange2_r_base.mytest-64 6
root,17012,99.1,0.0,4652,1048,pts/0,R,23:12,12855,../run_base_refrate_mytest-64.0002/exchange2_r_base.mytest-64 6
root,17011,99.3,0.0,4652,1052,pts/0,R,23:12,12860,../run_base_refrate_mytest-64.0002/exchange2_r_base.mytest-64 6
root,17012,99.1,0.0,4652,1048,pts/0,R,23:12,12860,../run_base_refrate_mytest-64.0002/exchange2_r_base.mytest-64 6
root,17011,99.4,0.0,4652,1052,pts/0,R,23:12,12865,../run_base_refrate_mytest-64.0002/exchange2_r_base.mytest-64 6
root,17012,99.1,0.0,4652,1048,pts/0,R,23:12,12865,../run_base_refrate_mytest-64.0002/exchange2_r_base.mytest-64 6
root,17011,99.3,0.0,4652,1052,pts/0,R,23:12,12870,../run_base_refrate_mytest-64.0002/exchange2_r_base.mytest-64 6
root,17012,99.1,0.0,4652,1048,pts/0,R,23:12,12870,../run_base_refrate_mytest-64.0002/exchange2_r_base.mytest-64 6
root,17011,99.4,0.0,4652,1052,pts/0,R,23:12,12875,../run_base_refrate_mytest-64.0002/exchange2_r_base.mytest-64 6
root,17012,99.1,0.0,4652,1048,pts/0,R,23:12,12875,../run_base_refrate_mytest-64.0002/exchange2_r_base.mytest-64 6
root,17011,99.4,0.0,4652,1052,pts/0,R,23:12,12880,../run_base_refrate_mytest-64.0002/exchange2_r_base.mytest-64 6
root,17012,99.1,0.0,4652,1048,pts/0,R,23:12,12880,../run_base_refrate_mytest-64.0002/exchange2_r_base.mytest-64 6
root,17011,99.3,0.0,4652,1052,pts/0,R,23:12,12885,../run_base_refrate_mytest-64.0002/exchange2_r_base.mytest-64 6
root,17012,99.1,0.0,4652,1048,pts/0,R,23:12,12885,../run_base_refrate_mytest-64.0002/exchange2_r_base.mytest-64 6
root,17011,99.3,0.0,4652,1052,pts/0,R,23:12,12890,../run_base_refrate_mytest-64.0002/exchange2_r_base.mytest-64 6
root,17012,99.1,0.0,4652,1048,pts/0,R,23:12,12890,../run_base_refrate_mytest-64.0002/exchange2_r_base.mytest-64 6
root,17011,99.3,0.0,4652,1052,pts/0,R,23:12,12895,../run_base_refrate_mytest-64.0002/exchange2_r_base.mytest-64 6
root,17012,99.1,0.0,4652,1048,pts/0,R,23:12,12895,../run_base_refrate_mytest-64.0002/exchange2_r_base.mytest-64 6
root,17012,99.1,0.0,4652,1048,pts/0,R,23:12,12900,../run_base_refrate_mytest-64.0002/exchange2_r_base.mytest-64 6
root,20399,103,0.0,4588,1048,pts/0,R,00:50,18315,../run_peak_refrate_mytest-64.0002/exchange2_r_peak.mytest-64 6
root,20400,103,0.0,4588,1048,pts/0,R,00:50,18315,../run_peak_refrate_mytest-64.0002/exchange2_r_peak.mytest-64 6
root,20399,99.5,0.0,4588,1048,pts/0,R,00:50,18320,../run_peak_refrate_mytest-64.0002/exchange2_r_peak.mytest-64 6
root,20400,99.7,0.0,4588,1048,pts/0,R,00:50,18320,../run_peak_refrate_mytest-64.0002/exchange2_r_peak.mytest-64 6
root,20399,100,0.0,4588,1048,pts/0,R,00:50,18325,../run_peak_refrate_mytest-64.0002/exchange2_r_peak.mytest-64 6
root,20400,100,0.0,4588,1048,pts/0,R,00:50,18325,../run_peak_refrate_mytest-64.0002/exchange2_r_peak.mytest-64 6
root,20399,99.5,0.0,4588,1048,pts/0,R,00:50,18330,../run_peak_refrate_mytest-64.0002/exchange2_r_peak.mytest-64 6
root,20400,99.7,0.0,4588,1048,pts/0,R,00:50,18330,../run_peak_refrate_mytest-64.0002/exchange2_r_peak.mytest-64 6
root,20399,99.2,0.0,4588,1048,pts/0,R,00:50,18335,../run_peak_refrate_mytest-64.0002/exchange2_r_peak.mytest-64 6
root,20400,99.5,0.0,4588,1048,pts/0,R,00:50,18335,../run_peak_refrate_mytest-64.0002/exchange2_r_peak.mytest-64 6
root,20399,99.2,0.0,4588,1048,pts/0,R,00:50,18340,../run_peak_refrate_mytest-64.0002/exchange2_r_peak.mytest-64 6
root,20400,99.5,0.0,4588,1048,pts/0,R,00:50,18340,../run_peak_refrate_mytest-64.0002/exchange2_r_peak.mytest-64 6
root,20399,99.5,0.0,4588,1048,pts/0,R,00:50,18345,../run_peak_refrate_mytest-64.0002/exchange2_r_peak.mytest-64 6
root,20400,99.8,0.0,4588,1048,pts/0,R,00:50,18345,../run_peak_refrate_mytest-64.0002/exchange2_r_peak.mytest-64 6
root,20399,99.2,0.0,4588,1048,pts/0,R,00:50,18350,../run_peak_refrate_mytest-64.0002/exchange2_r_peak.mytest-64 6
root,20400,99.5,0.0,4588,1048,pts/0,R,00:50,18350,../run_peak_refrate_mytest-64.0002/exchange2_r_peak.mytest-64 6
root,20399,99.4,0.0,4588,1048,pts/0,R,00:50,18355,../run_peak_refrate_mytest-64.0002/exchange2_r_peak.mytest-64 6
root,20400,99.7,0.0,4588,1048,pts/0,R,00:50,18355,../run_peak_refrate_mytest-64.0002/exchange2_r_peak.mytest-64 6
root,20399,99.3,0.0,4588,1048,pts/0,R,00:50,18360,../run_peak_refrate_mytest-64.0002/exchange2_r_peak.mytest-64 6
root,20400,99.5,0.0,4588,1048,pts/0,R,00:50,18360,../run_peak_refrate_mytest-64.0002/exchange2_r_peak.mytest-64 6
root,20399,99.2,0.0,4588,1048,pts/0,R,00:50,18365,../run_peak_refrate_mytest-64.0002/exchange2_r_peak.mytest-64 6
root,20400,99.5,0.0,4588,1048,pts/0,R,00:50,18365,../run_peak_refrate_mytest-64.0002/exchange2_r_peak.mytest-64 6
root,20399,99.2,0.0,4588,1048,pts/0,R,00:50,18370,../run_peak_refrate_mytest-64.0002/exchange2_r_peak.mytest-64 6
root,20400,99.5,0.0,4588,1048,pts/0,R,00:50,18370,../run_peak_refrate_mytest-64.0002/exchange2_r_peak.mytest-64 6
root,20399,99.2,0.0,4588,1048,pts/0,R,00:50,18375,../run_peak_refrate_mytest-64.0002/exchange2_r_peak.mytest-64 6
root,20400,99.5,0.0,4588,1048,pts/0,R,00:50,18375,../run_peak_refrate_mytest-64.0002/exchange2_r_peak.mytest-64 6
root,20399,99.2,0.0,4588,1048,pts/0,R,00:50,18380,../run_peak_refrate_mytest-64.0002/exchange2_r_peak.mytest-64 6
root,20400,99.5,0.0,4588,1048,pts/0,R,00:50,18380,../run_peak_refrate_mytest-64.0002/exchange2_r_peak.mytest-64 6
root,20399,99.3,0.0,4588,1048,pts/0,R,00:50,18385,../run_peak_refrate_mytest-64.0002/exchange2_r_peak.mytest-64 6
root,20400,99.5,0.0,4588,1048,pts/0,R,00:50,18385,../run_peak_refrate_mytest-64.0002/exchange2_r_peak.mytest-64 6
root,20399,99.2,0.0,4588,1048,pts/0,R,00:50,18390,../run_peak_refrate_mytest-64.0002/exchange2_r_peak.mytest-64 6
root,20400,99.5,0.0,4588,1048,pts/0,R,00:50,18390,../run_peak_refrate_mytest-64.0002/exchange2_r_peak.mytest-64 6
root,20399,99.3,0.0,4588,1048,pts/0,R,00:50,18395,../run_peak_refrate_mytest-64.0002/exchange2_r_peak.mytest-64 6
root,20400,99.5,0.0,4588,1048,pts/0,R,00:50,18395,../run_peak_refrate_mytest-64.0002/exchange2_r_peak.mytest-64 6
root,20399,99.2,0.0,4588,1048,pts/0,R,00:50,18400,../run_peak_refrate_mytest-64.0002/exchange2_r_peak.mytest-64 6
root,20400,99.5,0.0,4588,1048,pts/0,R,00:50,18400,../run_peak_refrate_mytest-64.0002/exchange2_r_peak.mytest-64 6
root,20399,99.2,0.0,4588,1048,pts/0,R,00:50,18405,../run_peak_refrate_mytest-64.0002/exchange2_r_peak.mytest-64 6
root,20400,99.4,0.0,4588,1048,pts/0,R,00:50,18405,../run_peak_refrate_mytest-64.0002/exchange2_r_peak.mytest-64 6
root,20399,99.2,0.0,4588,1048,pts/0,R,00:50,18410,../run_peak_refrate_mytest-64.0002/exchange2_r_peak.mytest-64 6
root,20400,99.4,0.0,4588,1048,pts/0,R,00:50,18410,../run_peak_refrate_mytest-64.0002/exchange2_r_peak.mytest-64 6
root,20399,99.1,0.0,4588,1048,pts/0,R,00:50,18415,../run_peak_refrate_mytest-64.0002/exchange2_r_peak.mytest-64 6
root,20400,99.4,0.0,4588,1048,pts/0,R,00:50,18415,../run_peak_refrate_mytest-64.0002/exchange2_r_peak.mytest-64 6
root,20399,99.2,0.0,4588,1048,pts/0,R,00:50,18420,../run_peak_refrate_mytest-64.0002/exchange2_r_peak.mytest-64 6
root,20400,99.5,0.0,4588,1048,pts/0,R,00:50,18420,../run_peak_refrate_mytest-64.0002/exchange2_r_peak.mytest-64 6
root,20399,99.2,0.0,4588,1048,pts/0,R,00:50,18425,../run_peak_refrate_mytest-64.0002/exchange2_r_peak.mytest-64 6
root,20400,99.4,0.0,4588,1048,pts/0,R,00:50,18425,../run_peak_refrate_mytest-64.0002/exchange2_r_peak.mytest-64 6
root,20399,99.1,0.0,4588,1048,pts/0,R,00:50,18430,../run_peak_refrate_mytest-64.0002/exchange2_r_peak.mytest-64 6
root,20400,99.4,0.0,4588,1048,pts/0,R,00:50,18430,../run_peak_refrate_mytest-64.0002/exchange2_r_peak.mytest-64 6
root,20399,99.2,0.0,4588,1048,pts/0,R,00:50,18435,../run_peak_refrate_mytest-64.0002/exchange2_r_peak.mytest-64 6
root,20400,99.5,0.0,4588,1048,pts/0,R,00:50,18435,../run_peak_refrate_mytest-64.0002/exchange2_r_peak.mytest-64 6
root,20399,99.1,0.0,4588,1048,pts/0,R,00:50,18440,../run_peak_refrate_mytest-64.0002/exchange2_r_peak.mytest-64 6
root,20400,99.4,0.0,4588,1048,pts/0,R,00:50,18440,../run_peak_refrate_mytest-64.0002/exchange2_r_peak.mytest-64 6
root,20399,99.2,0.0,4588,1048,pts/0,R,00:50,18445,../run_peak_refrate_mytest-64.0002/exchange2_r_peak.mytest-64 6
root,20400,99.4,0.0,4588,1048,pts/0,R,00:50,18445,../run_peak_refrate_mytest-64.0002/exchange2_r_peak.mytest-64 6
root,20399,99.1,0.0,4588,1048,pts/0,R,00:50,18450,../run_peak_refrate_mytest-64.0002/exchange2_r_peak.mytest-64 6
root,20400,99.4,0.0,4588,1048,pts/0,R,00:50,18450,../run_peak_refrate_mytest-64.0002/exchange2_r_peak.mytest-64 6
root,20399,99.2,0.0,4588,1048,pts/0,R,00:50,18455,../run_peak_refrate_mytest-64.0002/exchange2_r_peak.mytest-64 6
root,20400,99.4,0.0,4588,1048,pts/0,R,00:50,18455,../run_peak_refrate_mytest-64.0002/exchange2_r_peak.mytest-64 6
root,20399,99.1,0.0,4588,1048,pts/0,R,00:50,18460,../run_peak_refrate_mytest-64.0002/exchange2_r_peak.mytest-64 6
root,20400,99.4,0.0,4588,1048,pts/0,R,00:50,18460,../run_peak_refrate_mytest-64.0002/exchange2_r_peak.mytest-64 6
root,20399,99.2,0.0,4588,1048,pts/0,R,00:50,18465,../run_peak_refrate_mytest-64.0002/exchange2_r_peak.mytest-64 6
root,20400,99.4,0.0,4588,1048,pts/0,R,00:50,18465,../run_peak_refrate_mytest-64.0002/exchange2_r_peak.mytest-64 6
root,20399,99.2,0.0,4588,1048,pts/0,R,00:50,18470,../run_peak_refrate_mytest-64.0002/exchange2_r_peak.mytest-64 6
root,20400,99.4,0.0,4588,1048,pts/0,R,00:50,18470,../run_peak_refrate_mytest-64.0002/exchange2_r_peak.mytest-64 6
root,20399,99.2,0.0,4588,1048,pts/0,R,00:50,18475,../run_peak_refrate_mytest-64.0002/exchange2_r_peak.mytest-64 6
root,20400,99.4,0.0,4588,1048,pts/0,R,00:50,18475,../run_peak_refrate_mytest-64.0002/exchange2_r_peak.mytest-64 6
root,20399,99.1,0.0,4588,1048,pts/0,R,00:50,18480,../run_peak_refrate_mytest-64.0002/exchange2_r_peak.mytest-64 6
root,20400,99.4,0.0,4588,1048,pts/0,R,00:50,18480,../run_peak_refrate_mytest-64.0002/exchange2_r_peak.mytest-64 6
root,20399,99.1,0.0,4588,1048,pts/0,R,00:50,18485,../run_peak_refrate_mytest-64.0002/exchange2_r_peak.mytest-64 6
root,20400,99.4,0.0,4588,1048,pts/0,R,00:50,18485,../run_peak_refrate_mytest-64.0002/exchange2_r_peak.mytest-64 6
root,20399,99.1,0.0,4588,1048,pts/0,R,00:50,18490,../run_peak_refrate_mytest-64.0002/exchange2_r_peak.mytest-64 6
root,20400,99.4,0.0,4588,1048,pts/0,R,00:50,18490,../run_peak_refrate_mytest-64.0002/exchange2_r_peak.mytest-64 6
root,20399,99.1,0.0,4588,1048,pts/0,R,00:50,18495,../run_peak_refrate_mytest-64.0002/exchange2_r_peak.mytest-64 6
root,20400,99.4,0.0,4588,1048,pts/0,R,00:50,18495,../run_peak_refrate_mytest-64.0002/exchange2_r_peak.mytest-64 6
root,20399,99.2,0.0,4588,1048,pts/0,R,00:50,18500,../run_peak_refrate_mytest-64.0002/exchange2_r_peak.mytest-64 6
root,20400,99.4,0.0,4588,1048,pts/0,R,00:50,18500,../run_peak_refrate_mytest-64.0002/exchange2_r_peak.mytest-64 6
root,20399,99.1,0.0,4588,1048,pts/0,R,00:50,18505,../run_peak_refrate_mytest-64.0002/exchange2_r_peak.mytest-64 6
root,20400,99.4,0.0,4588,1048,pts/0,R,00:50,18505,../run_peak_refrate_mytest-64.0002/exchange2_r_peak.mytest-64 6
root,20399,99.1,0.0,4588,1048,pts/0,R,00:50,18510,../run_peak_refrate_mytest-64.0002/exchange2_r_peak.mytest-64 6
root,20400,99.4,0.0,4588,1048,pts/0,R,00:50,18510,../run_peak_refrate_mytest-64.0002/exchange2_r_peak.mytest-64 6
root,20399,99.1,0.0,4588,1048,pts/0,R,00:50,18515,../run_peak_refrate_mytest-64.0002/exchange2_r_peak.mytest-64 6
root,20400,99.4,0.0,4588,1048,pts/0,R,00:50,18515,../run_peak_refrate_mytest-64.0002/exchange2_r_peak.mytest-64 6
root,20399,99.1,0.0,4588,1048,pts/0,R,00:50,18520,../run_peak_refrate_mytest-64.0002/exchange2_r_peak.mytest-64 6
root,20400,99.4,0.0,4588,1048,pts/0,R,00:50,18520,../run_peak_refrate_mytest-64.0002/exchange2_r_peak.mytest-64 6
root,20399,99.1,0.0,4588,1048,pts/0,R,00:50,18525,../run_peak_refrate_mytest-64.0002/exchange2_r_peak.mytest-64 6
root,20400,99.4,0.0,4588,1048,pts/0,R,00:50,18525,../run_peak_refrate_mytest-64.0002/exchange2_r_peak.mytest-64 6
root,20399,99.1,0.0,4588,1048,pts/0,R,00:50,18530,../run_peak_refrate_mytest-64.0002/exchange2_r_peak.mytest-64 6
root,20400,99.4,0.0,4588,1048,pts/0,R,00:50,18530,../run_peak_refrate_mytest-64.0002/exchange2_r_peak.mytest-64 6
root,20399,99.2,0.0,4588,1048,pts/0,R,00:50,18535,../run_peak_refrate_mytest-64.0002/exchange2_r_peak.mytest-64 6
root,20400,99.4,0.0,4588,1048,pts/0,R,00:50,18535,../run_peak_refrate_mytest-64.0002/exchange2_r_peak.mytest-64 6
root,20399,99.1,0.0,4588,1048,pts/0,R,00:50,18540,../run_peak_refrate_mytest-64.0002/exchange2_r_peak.mytest-64 6
root,20400,99.4,0.0,4588,1048,pts/0,R,00:50,18540,../run_peak_refrate_mytest-64.0002/exchange2_r_peak.mytest-64 6
root,20399,99.1,0.0,4588,1048,pts/0,R,00:50,18545,../run_peak_refrate_mytest-64.0002/exchange2_r_peak.mytest-64 6
root,20400,99.4,0.0,4588,1048,pts/0,R,00:50,18545,../run_peak_refrate_mytest-64.0002/exchange2_r_peak.mytest-64 6
root,20399,99.1,0.0,4588,1048,pts/0,R,00:50,18550,../run_peak_refrate_mytest-64.0002/exchange2_r_peak.mytest-64 6
root,20400,99.4,0.0,4588,1048,pts/0,R,00:50,18550,../run_peak_refrate_mytest-64.0002/exchange2_r_peak.mytest-64 6
root,20399,99.1,0.0,4588,1048,pts/0,R,00:50,18555,../run_peak_refrate_mytest-64.0002/exchange2_r_peak.mytest-64 6
root,20400,99.4,0.0,4588,1048,pts/0,R,00:50,18555,../run_peak_refrate_mytest-64.0002/exchange2_r_peak.mytest-64 6
root,20399,99.1,0.0,4588,1048,pts/0,R,00:50,18560,../run_peak_refrate_mytest-64.0002/exchange2_r_peak.mytest-64 6
root,20400,99.4,0.0,4588,1048,pts/0,R,00:50,18560,../run_peak_refrate_mytest-64.0002/exchange2_r_peak.mytest-64 6
root,20399,99.1,0.0,4588,1048,pts/0,R,00:50,18565,../run_peak_refrate_mytest-64.0002/exchange2_r_peak.mytest-64 6
root,20400,99.4,0.0,4588,1048,pts/0,R,00:50,18565,../run_peak_refrate_mytest-64.0002/exchange2_r_peak.mytest-64 6
root,20399,99.1,0.0,4588,1048,pts/0,R,00:50,18570,../run_peak_refrate_mytest-64.0002/exchange2_r_peak.mytest-64 6
root,20400,99.4,0.0,4588,1048,pts/0,R,00:50,18570,../run_peak_refrate_mytest-64.0002/exchange2_r_peak.mytest-64 6
root,20399,99.1,0.0,4588,1048,pts/0,R,00:50,18575,../run_peak_refrate_mytest-64.0002/exchange2_r_peak.mytest-64 6
root,20400,99.4,0.0,4588,1048,pts/0,R,00:50,18575,../run_peak_refrate_mytest-64.0002/exchange2_r_peak.mytest-64 6
root,20399,99.1,0.0,4588,1048,pts/0,R,00:50,18580,../run_peak_refrate_mytest-64.0002/exchange2_r_peak.mytest-64 6
root,20400,99.4,0.0,4588,1048,pts/0,R,00:50,18580,../run_peak_refrate_mytest-64.0002/exchange2_r_peak.mytest-64 6
root,20399,99.1,0.0,4588,1048,pts/0,R,00:50,18585,../run_peak_refrate_mytest-64.0002/exchange2_r_peak.mytest-64 6
root,20400,99.4,0.0,4588,1048,pts/0,R,00:50,18585,../run_peak_refrate_mytest-64.0002/exchange2_r_peak.mytest-64 6
root,20399,99.1,0.0,4588,1048,pts/0,R,00:50,18590,../run_peak_refrate_mytest-64.0002/exchange2_r_peak.mytest-64 6
root,20400,99.4,0.0,4588,1048,pts/0,R,00:50,18590,../run_peak_refrate_mytest-64.0002/exchange2_r_peak.mytest-64 6
root,20399,99.1,0.0,4588,1048,pts/0,R,00:50,18595,../run_peak_refrate_mytest-64.0002/exchange2_r_peak.mytest-64 6
root,20400,99.4,0.0,4588,1048,pts/0,R,00:50,18595,../run_peak_refrate_mytest-64.0002/exchange2_r_peak.mytest-64 6
root,20399,99.1,0.0,4588,1048,pts/0,R,00:50,18600,../run_peak_refrate_mytest-64.0002/exchange2_r_peak.mytest-64 6
root,20400,99.4,0.0,4588,1048,pts/0,R,00:50,18600,../run_peak_refrate_mytest-64.0002/exchange2_r_peak.mytest-64 6
root,20399,99.1,0.0,4588,1048,pts/0,R,00:50,18605,../run_peak_refrate_mytest-64.0002/exchange2_r_peak.mytest-64 6
root,20400,99.4,0.0,4588,1048,pts/0,R,00:50,18605,../run_peak_refrate_mytest-64.0002/exchange2_r_peak.mytest-64 6
root,20399,99.1,0.0,4588,1048,pts/0,R,00:50,18610,../run_peak_refrate_mytest-64.0002/exchange2_r_peak.mytest-64 6
root,20400,99.4,0.0,4588,1048,pts/0,R,00:50,18610,../run_peak_refrate_mytest-64.0002/exchange2_r_peak.mytest-64 6
root,20399,99.1,0.0,4588,1048,pts/0,R,00:50,18615,../run_peak_refrate_mytest-64.0002/exchange2_r_peak.mytest-64 6
root,20400,99.4,0.0,4588,1048,pts/0,R,00:50,18615,../run_peak_refrate_mytest-64.0002/exchange2_r_peak.mytest-64 6
root,20399,99.1,0.0,4588,1048,pts/0,R,00:50,18620,../run_peak_refrate_mytest-64.0002/exchange2_r_peak.mytest-64 6
root,20400,99.4,0.0,4588,1048,pts/0,R,00:50,18620,../run_peak_refrate_mytest-64.0002/exchange2_r_peak.mytest-64 6
root,20399,99.1,0.0,4588,1048,pts/0,R,00:50,18625,../run_peak_refrate_mytest-64.0002/exchange2_r_peak.mytest-64 6
root,20400,99.4,0.0,4588,1048,pts/0,R,00:50,18625,../run_peak_refrate_mytest-64.0002/exchange2_r_peak.mytest-64 6
root,20399,99.1,0.0,4588,1048,pts/0,R,00:50,18630,../run_peak_refrate_mytest-64.0002/exchange2_r_peak.mytest-64 6
root,20400,99.4,0.0,4588,1048,pts/0,R,00:50,18630,../run_peak_refrate_mytest-64.0002/exchange2_r_peak.mytest-64 6
root,20399,99.1,0.0,4588,1048,pts/0,R,00:50,18635,../run_peak_refrate_mytest-64.0002/exchange2_r_peak.mytest-64 6
root,20400,99.4,0.0,4588,1048,pts/0,R,00:50,18635,../run_peak_refrate_mytest-64.0002/exchange2_r_peak.mytest-64 6
root,20399,99.1,0.0,4588,1048,pts/0,R,00:50,18640,../run_peak_refrate_mytest-64.0002/exchange2_r_peak.mytest-64 6
root,20400,99.4,0.0,4588,1048,pts/0,R,00:50,18640,../run_peak_refrate_mytest-64.0002/exchange2_r_peak.mytest-64 6
root,20399,99.1,0.0,4588,1048,pts/0,R,00:50,18645,../run_peak_refrate_mytest-64.0002/exchange2_r_peak.mytest-64 6
root,20400,99.4,0.0,4588,1048,pts/0,R,00:50,18645,../run_peak_refrate_mytest-64.0002/exchange2_r_peak.mytest-64 6
root,20399,99.1,0.0,4588,1048,pts/0,R,00:50,18650,../run_peak_refrate_mytest-64.0002/exchange2_r_peak.mytest-64 6
root,20400,99.4,0.0,4588,1048,pts/0,R,00:50,18650,../run_peak_refrate_mytest-64.0002/exchange2_r_peak.mytest-64 6
root,20399,99.1,0.0,4588,1048,pts/0,R,00:50,18655,../run_peak_refrate_mytest-64.0002/exchange2_r_peak.mytest-64 6
root,20400,99.4,0.0,4588,1048,pts/0,R,00:50,18655,../run_peak_refrate_mytest-64.0002/exchange2_r_peak.mytest-64 6
root,20399,99.1,0.0,4588,1048,pts/0,R,00:50,18660,../run_peak_refrate_mytest-64.0002/exchange2_r_peak.mytest-64 6
root,20400,99.4,0.0,4588,1048,pts/0,R,00:50,18660,../run_peak_refrate_mytest-64.0002/exchange2_r_peak.mytest-64 6
root,20399,99.1,0.0,4588,1048,pts/0,R,00:50,18665,../run_peak_refrate_mytest-64.0002/exchange2_r_peak.mytest-64 6
root,20400,99.4,0.0,4588,1048,pts/0,R,00:50,18665,../run_peak_refrate_mytest-64.0002/exchange2_r_peak.mytest-64 6
root,29418,102,0.0,4588,1000,pts/0,R,02:23,23755,../run_peak_refrate_mytest-64.0002/exchange2_r_peak.mytest-64 6
root,29419,102,0.0,4588,1000,pts/0,R,02:23,23755,../run_peak_refrate_mytest-64.0002/exchange2_r_peak.mytest-64 6
root,29418,99.6,0.0,4588,1000,pts/0,R,02:23,23760,../run_peak_refrate_mytest-64.0002/exchange2_r_peak.mytest-64 6
root,29419,99.5,0.0,4588,1000,pts/0,R,02:23,23760,../run_peak_refrate_mytest-64.0002/exchange2_r_peak.mytest-64 6
root,29418,99.6,0.0,4588,1000,pts/0,R,02:23,23765,../run_peak_refrate_mytest-64.0002/exchange2_r_peak.mytest-64 6
root,29419,99.4,0.0,4588,1000,pts/0,R,02:23,23765,../run_peak_refrate_mytest-64.0002/exchange2_r_peak.mytest-64 6
root,29418,99.8,0.0,4588,1000,pts/0,R,02:23,23770,../run_peak_refrate_mytest-64.0002/exchange2_r_peak.mytest-64 6
root,29419,99.6,0.0,4588,1000,pts/0,R,02:23,23770,../run_peak_refrate_mytest-64.0002/exchange2_r_peak.mytest-64 6
root,29418,99.5,0.0,4588,1000,pts/0,R,02:23,23775,../run_peak_refrate_mytest-64.0002/exchange2_r_peak.mytest-64 6
root,29419,99.3,0.0,4588,1000,pts/0,R,02:23,23775,../run_peak_refrate_mytest-64.0002/exchange2_r_peak.mytest-64 6
root,29418,99.6,0.0,4588,1000,pts/0,R,02:23,23780,../run_peak_refrate_mytest-64.0002/exchange2_r_peak.mytest-64 6
root,29419,99.4,0.0,4588,1000,pts/0,R,02:23,23780,../run_peak_refrate_mytest-64.0002/exchange2_r_peak.mytest-64 6
root,29418,99.4,0.0,4588,1000,pts/0,R,02:23,23785,../run_peak_refrate_mytest-64.0002/exchange2_r_peak.mytest-64 6
root,29419,99.3,0.0,4588,1000,pts/0,R,02:23,23785,../run_peak_refrate_mytest-64.0002/exchange2_r_peak.mytest-64 6
root,29418,99.5,0.0,4588,1000,pts/0,R,02:23,23790,../run_peak_refrate_mytest-64.0002/exchange2_r_peak.mytest-64 6
root,29419,99.3,0.0,4588,1000,pts/0,R,02:23,23790,../run_peak_refrate_mytest-64.0002/exchange2_r_peak.mytest-64 6
root,29418,99.5,0.0,4588,1000,pts/0,R,02:23,23795,../run_peak_refrate_mytest-64.0002/exchange2_r_peak.mytest-64 6
root,29419,99.3,0.0,4588,1000,pts/0,R,02:23,23795,../run_peak_refrate_mytest-64.0002/exchange2_r_peak.mytest-64 6
root,29418,99.5,0.0,4588,1000,pts/0,R,02:23,23800,../run_peak_refrate_mytest-64.0002/exchange2_r_peak.mytest-64 6
root,29419,99.3,0.0,4588,1000,pts/0,R,02:23,23800,../run_peak_refrate_mytest-64.0002/exchange2_r_peak.mytest-64 6
root,29418,99.5,0.0,4588,1000,pts/0,R,02:23,23805,../run_peak_refrate_mytest-64.0002/exchange2_r_peak.mytest-64 6
root,29419,99.3,0.0,4588,1000,pts/0,R,02:23,23805,../run_peak_refrate_mytest-64.0002/exchange2_r_peak.mytest-64 6
root,29418,99.5,0.0,4588,1000,pts/0,R,02:23,23810,../run_peak_refrate_mytest-64.0002/exchange2_r_peak.mytest-64 6
root,29419,99.3,0.0,4588,1000,pts/0,R,02:23,23810,../run_peak_refrate_mytest-64.0002/exchange2_r_peak.mytest-64 6
root,29418,99.5,0.0,4588,1000,pts/0,R,02:23,23815,../run_peak_refrate_mytest-64.0002/exchange2_r_peak.mytest-64 6
root,29419,99.3,0.0,4588,1000,pts/0,R,02:23,23815,../run_peak_refrate_mytest-64.0002/exchange2_r_peak.mytest-64 6
root,29418,99.4,0.0,4588,1000,pts/0,R,02:23,23820,../run_peak_refrate_mytest-64.0002/exchange2_r_peak.mytest-64 6
root,29419,99.2,0.0,4588,1000,pts/0,R,02:23,23820,../run_peak_refrate_mytest-64.0002/exchange2_r_peak.mytest-64 6
root,29418,99.5,0.0,4588,1000,pts/0,R,02:23,23825,../run_peak_refrate_mytest-64.0002/exchange2_r_peak.mytest-64 6
root,29419,99.3,0.0,4588,1000,pts/0,R,02:23,23825,../run_peak_refrate_mytest-64.0002/exchange2_r_peak.mytest-64 6
root,29418,99.5,0.0,4588,1000,pts/0,R,02:23,23830,../run_peak_refrate_mytest-64.0002/exchange2_r_peak.mytest-64 6
root,29419,99.2,0.0,4588,1000,pts/0,R,02:23,23830,../run_peak_refrate_mytest-64.0002/exchange2_r_peak.mytest-64 6
root,29418,99.4,0.0,4588,1000,pts/0,R,02:23,23835,../run_peak_refrate_mytest-64.0002/exchange2_r_peak.mytest-64 6
root,29419,99.2,0.0,4588,1000,pts/0,R,02:23,23835,../run_peak_refrate_mytest-64.0002/exchange2_r_peak.mytest-64 6
root,29418,99.6,0.0,4588,1000,pts/0,R,02:23,23840,../run_peak_refrate_mytest-64.0002/exchange2_r_peak.mytest-64 6
root,29419,99.4,0.0,4588,1000,pts/0,R,02:23,23840,../run_peak_refrate_mytest-64.0002/exchange2_r_peak.mytest-64 6
root,29418,99.5,0.0,4588,1000,pts/0,R,02:23,23845,../run_peak_refrate_mytest-64.0002/exchange2_r_peak.mytest-64 6
root,29419,99.3,0.0,4588,1000,pts/0,R,02:23,23845,../run_peak_refrate_mytest-64.0002/exchange2_r_peak.mytest-64 6
root,29418,99.4,0.0,4588,1000,pts/0,R,02:23,23850,../run_peak_refrate_mytest-64.0002/exchange2_r_peak.mytest-64 6
root,29419,99.3,0.0,4588,1000,pts/0,R,02:23,23850,../run_peak_refrate_mytest-64.0002/exchange2_r_peak.mytest-64 6
root,29418,99.4,0.0,4588,1000,pts/0,R,02:23,23855,../run_peak_refrate_mytest-64.0002/exchange2_r_peak.mytest-64 6
root,29419,99.2,0.0,4588,1000,pts/0,R,02:23,23855,../run_peak_refrate_mytest-64.0002/exchange2_r_peak.mytest-64 6
root,29418,99.4,0.0,4588,1000,pts/0,R,02:23,23860,../run_peak_refrate_mytest-64.0002/exchange2_r_peak.mytest-64 6
root,29419,99.2,0.0,4588,1000,pts/0,R,02:23,23860,../run_peak_refrate_mytest-64.0002/exchange2_r_peak.mytest-64 6
root,29418,99.4,0.0,4588,1000,pts/0,R,02:23,23865,../run_peak_refrate_mytest-64.0002/exchange2_r_peak.mytest-64 6
root,29419,99.2,0.0,4588,1000,pts/0,R,02:23,23865,../run_peak_refrate_mytest-64.0002/exchange2_r_peak.mytest-64 6
root,29418,99.4,0.0,4588,1000,pts/0,R,02:23,23870,../run_peak_refrate_mytest-64.0002/exchange2_r_peak.mytest-64 6
root,29419,99.2,0.0,4588,1000,pts/0,R,02:23,23870,../run_peak_refrate_mytest-64.0002/exchange2_r_peak.mytest-64 6
root,29418,99.4,0.0,4588,1000,pts/0,R,02:23,23875,../run_peak_refrate_mytest-64.0002/exchange2_r_peak.mytest-64 6
root,29419,99.2,0.0,4588,1000,pts/0,R,02:23,23875,../run_peak_refrate_mytest-64.0002/exchange2_r_peak.mytest-64 6
root,29418,99.4,0.0,4588,1000,pts/0,R,02:23,23880,../run_peak_refrate_mytest-64.0002/exchange2_r_peak.mytest-64 6
root,29419,99.2,0.0,4588,1000,pts/0,R,02:23,23880,../run_peak_refrate_mytest-64.0002/exchange2_r_peak.mytest-64 6
root,29418,99.4,0.0,4588,1000,pts/0,R,02:23,23885,../run_peak_refrate_mytest-64.0002/exchange2_r_peak.mytest-64 6
root,29419,99.2,0.0,4588,1000,pts/0,R,02:23,23885,../run_peak_refrate_mytest-64.0002/exchange2_r_peak.mytest-64 6
root,29418,99.4,0.0,4588,1000,pts/0,R,02:23,23890,../run_peak_refrate_mytest-64.0002/exchange2_r_peak.mytest-64 6
root,29419,99.2,0.0,4588,1000,pts/0,R,02:23,23890,../run_peak_refrate_mytest-64.0002/exchange2_r_peak.mytest-64 6
root,29418,99.4,0.0,4588,1000,pts/0,R,02:23,23895,../run_peak_refrate_mytest-64.0002/exchange2_r_peak.mytest-64 6
root,29419,99.2,0.0,4588,1000,pts/0,R,02:23,23895,../run_peak_refrate_mytest-64.0002/exchange2_r_peak.mytest-64 6
root,29418,99.4,0.0,4588,1000,pts/0,R,02:23,23900,../run_peak_refrate_mytest-64.0002/exchange2_r_peak.mytest-64 6
root,29419,99.2,0.0,4588,1000,pts/0,R,02:23,23900,../run_peak_refrate_mytest-64.0002/exchange2_r_peak.mytest-64 6
root,29418,99.4,0.0,4588,1000,pts/0,R,02:23,23905,../run_peak_refrate_mytest-64.0002/exchange2_r_peak.mytest-64 6
root,29419,99.2,0.0,4588,1000,pts/0,R,02:23,23905,../run_peak_refrate_mytest-64.0002/exchange2_r_peak.mytest-64 6
root,29418,99.4,0.0,4588,1000,pts/0,R,02:23,23910,../run_peak_refrate_mytest-64.0002/exchange2_r_peak.mytest-64 6
root,29419,99.2,0.0,4588,1000,pts/0,R,02:23,23910,../run_peak_refrate_mytest-64.0002/exchange2_r_peak.mytest-64 6
root,29418,99.4,0.0,4588,1000,pts/0,R,02:23,23915,../run_peak_refrate_mytest-64.0002/exchange2_r_peak.mytest-64 6
root,29419,99.2,0.0,4588,1000,pts/0,R,02:23,23915,../run_peak_refrate_mytest-64.0002/exchange2_r_peak.mytest-64 6
root,29418,99.4,0.0,4588,1000,pts/0,R,02:23,23920,../run_peak_refrate_mytest-64.0002/exchange2_r_peak.mytest-64 6
root,29419,99.2,0.0,4588,1000,pts/0,R,02:23,23920,../run_peak_refrate_mytest-64.0002/exchange2_r_peak.mytest-64 6
root,29418,99.4,0.0,4588,1000,pts/0,R,02:23,23925,../run_peak_refrate_mytest-64.0002/exchange2_r_peak.mytest-64 6
root,29419,99.2,0.0,4588,1000,pts/0,R,02:23,23925,../run_peak_refrate_mytest-64.0002/exchange2_r_peak.mytest-64 6
root,29418,99.4,0.0,4588,1000,pts/0,R,02:23,23930,../run_peak_refrate_mytest-64.0002/exchange2_r_peak.mytest-64 6
root,29419,99.2,0.0,4588,1000,pts/0,R,02:23,23930,../run_peak_refrate_mytest-64.0002/exchange2_r_peak.mytest-64 6
root,29418,99.4,0.0,4588,1000,pts/0,R,02:23,23935,../run_peak_refrate_mytest-64.0002/exchange2_r_peak.mytest-64 6
root,29419,99.3,0.0,4588,1000,pts/0,R,02:23,23935,../run_peak_refrate_mytest-64.0002/exchange2_r_peak.mytest-64 6
root,29418,99.4,0.0,4588,1000,pts/0,R,02:23,23940,../run_peak_refrate_mytest-64.0002/exchange2_r_peak.mytest-64 6
root,29419,99.2,0.0,4588,1000,pts/0,R,02:23,23940,../run_peak_refrate_mytest-64.0002/exchange2_r_peak.mytest-64 6
root,29418,99.4,0.0,4588,1000,pts/0,R,02:23,23945,../run_peak_refrate_mytest-64.0002/exchange2_r_peak.mytest-64 6
root,29419,99.2,0.0,4588,1000,pts/0,R,02:23,23945,../run_peak_refrate_mytest-64.0002/exchange2_r_peak.mytest-64 6
root,29418,99.4,0.0,4588,1000,pts/0,R,02:23,23950,../run_peak_refrate_mytest-64.0002/exchange2_r_peak.mytest-64 6
root,29419,99.2,0.0,4588,1000,pts/0,R,02:23,23950,../run_peak_refrate_mytest-64.0002/exchange2_r_peak.mytest-64 6
root,29418,99.4,0.0,4588,1000,pts/0,R,02:23,23955,../run_peak_refrate_mytest-64.0002/exchange2_r_peak.mytest-64 6
root,29419,99.2,0.0,4588,1000,pts/0,R,02:23,23955,../run_peak_refrate_mytest-64.0002/exchange2_r_peak.mytest-64 6
root,29418,99.4,0.0,4588,1000,pts/0,R,02:23,23960,../run_peak_refrate_mytest-64.0002/exchange2_r_peak.mytest-64 6
root,29419,99.2,0.0,4588,1000,pts/0,R,02:23,23960,../run_peak_refrate_mytest-64.0002/exchange2_r_peak.mytest-64 6
root,29418,99.4,0.0,4588,1000,pts/0,R,02:23,23965,../run_peak_refrate_mytest-64.0002/exchange2_r_peak.mytest-64 6
root,29419,99.2,0.0,4588,1000,pts/0,R,02:23,23965,../run_peak_refrate_mytest-64.0002/exchange2_r_peak.mytest-64 6
root,29418,99.4,0.0,4588,1000,pts/0,R,02:23,23970,../run_peak_refrate_mytest-64.0002/exchange2_r_peak.mytest-64 6
root,29419,99.2,0.0,4588,1000,pts/0,R,02:23,23970,../run_peak_refrate_mytest-64.0002/exchange2_r_peak.mytest-64 6
root,29418,99.4,0.0,4588,1000,pts/0,R,02:23,23975,../run_peak_refrate_mytest-64.0002/exchange2_r_peak.mytest-64 6
root,29419,99.2,0.0,4588,1000,pts/0,R,02:23,23975,../run_peak_refrate_mytest-64.0002/exchange2_r_peak.mytest-64 6
root,29418,99.4,0.0,4588,1000,pts/0,R,02:23,23980,../run_peak_refrate_mytest-64.0002/exchange2_r_peak.mytest-64 6
root,29419,99.2,0.0,4588,1000,pts/0,R,02:23,23980,../run_peak_refrate_mytest-64.0002/exchange2_r_peak.mytest-64 6
root,29418,99.4,0.0,4588,1000,pts/0,R,02:23,23985,../run_peak_refrate_mytest-64.0002/exchange2_r_peak.mytest-64 6
root,29419,99.2,0.0,4588,1000,pts/0,R,02:23,23985,../run_peak_refrate_mytest-64.0002/exchange2_r_peak.mytest-64 6
root,29418,99.4,0.0,4588,1000,pts/0,R,02:23,23990,../run_peak_refrate_mytest-64.0002/exchange2_r_peak.mytest-64 6
root,29419,99.2,0.0,4588,1000,pts/0,R,02:23,23990,../run_peak_refrate_mytest-64.0002/exchange2_r_peak.mytest-64 6
root,29418,99.4,0.0,4588,1000,pts/0,R,02:23,23995,../run_peak_refrate_mytest-64.0002/exchange2_r_peak.mytest-64 6
root,29419,99.2,0.0,4588,1000,pts/0,R,02:23,23995,../run_peak_refrate_mytest-64.0002/exchange2_r_peak.mytest-64 6
root,29418,99.4,0.0,4588,1000,pts/0,R,02:23,24000,../run_peak_refrate_mytest-64.0002/exchange2_r_peak.mytest-64 6
root,29419,99.2,0.0,4588,1000,pts/0,R,02:23,24000,../run_peak_refrate_mytest-64.0002/exchange2_r_peak.mytest-64 6
root,29418,99.4,0.0,4588,1000,pts/0,R,02:23,24005,../run_peak_refrate_mytest-64.0002/exchange2_r_peak.mytest-64 6
root,29419,99.2,0.0,4588,1000,pts/0,R,02:23,24005,../run_peak_refrate_mytest-64.0002/exchange2_r_peak.mytest-64 6
root,29418,99.4,0.0,4588,1000,pts/0,R,02:23,24010,../run_peak_refrate_mytest-64.0002/exchange2_r_peak.mytest-64 6
root,29419,99.2,0.0,4588,1000,pts/0,R,02:23,24010,../run_peak_refrate_mytest-64.0002/exchange2_r_peak.mytest-64 6
root,29418,99.4,0.0,4588,1000,pts/0,R,02:23,24015,../run_peak_refrate_mytest-64.0002/exchange2_r_peak.mytest-64 6
root,29419,99.2,0.0,4588,1000,pts/0,R,02:23,24015,../run_peak_refrate_mytest-64.0002/exchange2_r_peak.mytest-64 6
