%CPU,%MEM,PSR,TIME,PID,CMD
77.4,0.3,6,55,6343,/home/cpu2017/bin/specperl /home/cpu2017/bin/harness/runcpu --config default.cfg --nokeeptmp --nolog_timestamp --iterations 1 --from_runcpu 1 --nouse-submit-for-speed --label mytest-64 --size test --nobuild --noreportable --noignore-errors --nopreenv --verbose 5 --copies 1 --threads 1 --copynum 4 --tune base --logfile /home/cpu2017/tmp/CPU2017.005.0/templogs/523.xalancbmk_r.test.base --lognum 005.0.4 523.xalancbmk_r
3.4,0.4,7,1235,21116,/home/cpu2017/bin/specperl /home/cpu2017/bin/harness/runcpu --config default.cfg --nokeeptmp --nolog_timestamp --iterations 1 --from_runcpu 1 --nouse-submit-for-speed --label mytest-64 --size test --nobuild --noreportable --noignore-errors --nopreenv --verbose 5 --copies 1 --threads 1 --copynum 4 --tune base --logfile /home/cpu2017/tmp/CPU2017.006.0/templogs/523.xalancbmk_r.test.base --lognum 006.0.4 523.xalancbmk_r
154,0.2,7,1315,23674,/home/cpu2017/bin/specperl /home/cpu2017/bin/harness/runcpu --config default.cfg --nokeeptmp --nolog_timestamp --iterations 1 --from_runcpu 1 --nouse-submit-for-speed --label mytest-64 --size test --nobuild --noreportable --noignore-errors --nopreenv --verbose 5 --copies 1 --threads 1 --copynum 15 --tune peak --logfile /home/cpu2017/tmp/CPU2017.006.0/templogs/523.xalancbmk_r.test.peak --lognum 006.0.15 523.xalancbmk_r
54.0,0.3,6,1515,26734,/home/cpu2017/bin/specperl /home/cpu2017/bin/harness/runcpu --config default.cfg --nokeeptmp --nolog_timestamp --iterations 1 --from_runcpu 1 --nouse-submit-for-speed --label mytest-64 --size train --nobuild --noreportable --noignore-errors --nopreenv --verbose 5 --copies 1 --threads 1 --copynum 4 --tune base --logfile /home/cpu2017/tmp/CPU2017.006.0/templogs/523.xalancbmk_r.train.base --lognum 006.0.4 523.xalancbmk_r
12.6,0.8,5,1520,26734,/home/cpu2017/bin/specperl /home/cpu2017/bin/harness/runcpu --config default.cfg --nokeeptmp --nolog_timestamp --iterations 1 --from_runcpu 1 --nouse-submit-for-speed --label mytest-64 --size train --nobuild --noreportable --noignore-errors --nopreenv --verbose 5 --copies 1 --threads 1 --copynum 4 --tune base --logfile /home/cpu2017/tmp/CPU2017.006.0/templogs/523.xalancbmk_r.train.base --lognum 006.0.4 523.xalancbmk_r
1.1,0.0,5,1520,26849,/home/cpu2017/bin/specinvoke -d /home/cpu2017/benchspec/CPU/523.xalancbmk_r/run/run_base_train_mytest-64.0000 -f speccmds.cmd -q -e speccmds.err -o speccmds.stdout
0.0,0.7,4,1520,26850,/home/cpu2017/bin/specperl /home/cpu2017/bin/harness/runcpu --config default.cfg --nokeeptmp --nolog_timestamp --iterations 1 --from_runcpu 1 --nouse-submit-for-speed --label mytest-64 --size train --nobuild --noreportable --noignore-errors --nopreenv --verbose 5 --copies 1 --threads 1 --copynum 4 --tune base --logfile /home/cpu2017/tmp/CPU2017.006.0/templogs/523.xalancbmk_r.train.base --lognum 006.0.4 523.xalancbmk_r
8.1,0.8,5,1525,26734,/home/cpu2017/bin/specperl /home/cpu2017/bin/harness/runcpu --config default.cfg --nokeeptmp --nolog_timestamp --iterations 1 --from_runcpu 1 --nouse-submit-for-speed --label mytest-64 --size train --nobuild --noreportable --noignore-errors --nopreenv --verbose 5 --copies 1 --threads 1 --copynum 4 --tune base --logfile /home/cpu2017/tmp/CPU2017.006.0/templogs/523.xalancbmk_r.train.base --lognum 006.0.4 523.xalancbmk_r
0.0,0.0,4,1525,26849,/home/cpu2017/bin/specinvoke -d /home/cpu2017/benchspec/CPU/523.xalancbmk_r/run/run_base_train_mytest-64.0000 -f speccmds.cmd -q -e speccmds.err -o speccmds.stdout
0.1,0.7,1,1525,26850,/home/cpu2017/bin/specperl /home/cpu2017/bin/harness/runcpu --config default.cfg --nokeeptmp --nolog_timestamp --iterations 1 --from_runcpu 1 --nouse-submit-for-speed --label mytest-64 --size train --nobuild --noreportable --noignore-errors --nopreenv --verbose 5 --copies 1 --threads 1 --copynum 4 --tune base --logfile /home/cpu2017/tmp/CPU2017.006.0/templogs/523.xalancbmk_r.train.base --lognum 006.0.4 523.xalancbmk_r
6.9,0.8,1,1530,26734,/home/cpu2017/bin/specperl /home/cpu2017/bin/harness/runcpu --config default.cfg --nokeeptmp --nolog_timestamp --iterations 1 --from_runcpu 1 --nouse-submit-for-speed --label mytest-64 --size train --nobuild --noreportable --noignore-errors --nopreenv --verbose 5 --copies 1 --threads 1 --copynum 4 --tune base --logfile /home/cpu2017/tmp/CPU2017.006.0/templogs/523.xalancbmk_r.train.base --lognum 006.0.4 523.xalancbmk_r
0.0,0.0,3,1530,26849,/home/cpu2017/bin/specinvoke -d /home/cpu2017/benchspec/CPU/523.xalancbmk_r/run/run_base_train_mytest-64.0000 -f speccmds.cmd -q -e speccmds.err -o speccmds.stdout
0.2,0.7,5,1530,26850,/home/cpu2017/bin/specperl /home/cpu2017/bin/harness/runcpu --config default.cfg --nokeeptmp --nolog_timestamp --iterations 1 --from_runcpu 1 --nouse-submit-for-speed --label mytest-64 --size train --nobuild --noreportable --noignore-errors --nopreenv --verbose 5 --copies 1 --threads 1 --copynum 4 --tune base --logfile /home/cpu2017/tmp/CPU2017.006.0/templogs/523.xalancbmk_r.train.base --lognum 006.0.4 523.xalancbmk_r
6.1,0.8,1,1535,26734,/home/cpu2017/bin/specperl /home/cpu2017/bin/harness/runcpu --config default.cfg --nokeeptmp --nolog_timestamp --iterations 1 --from_runcpu 1 --nouse-submit-for-speed --label mytest-64 --size train --nobuild --noreportable --noignore-errors --nopreenv --verbose 5 --copies 1 --threads 1 --copynum 4 --tune base --logfile /home/cpu2017/tmp/CPU2017.006.0/templogs/523.xalancbmk_r.train.base --lognum 006.0.4 523.xalancbmk_r
0.0,0.0,3,1535,26849,/home/cpu2017/bin/specinvoke -d /home/cpu2017/benchspec/CPU/523.xalancbmk_r/run/run_base_train_mytest-64.0000 -f speccmds.cmd -q -e speccmds.err -o speccmds.stdout
0.2,0.7,4,1535,26850,/home/cpu2017/bin/specperl /home/cpu2017/bin/harness/runcpu --config default.cfg --nokeeptmp --nolog_timestamp --iterations 1 --from_runcpu 1 --nouse-submit-for-speed --label mytest-64 --size train --nobuild --noreportable --noignore-errors --nopreenv --verbose 5 --copies 1 --threads 1 --copynum 4 --tune base --logfile /home/cpu2017/tmp/CPU2017.006.0/templogs/523.xalancbmk_r.train.base --lognum 006.0.4 523.xalancbmk_r
3.1,0.8,0,1540,26734,/home/cpu2017/bin/specperl /home/cpu2017/bin/harness/runcpu --config default.cfg --nokeeptmp --nolog_timestamp --iterations 1 --from_runcpu 1 --nouse-submit-for-speed --label mytest-64 --size train --nobuild --noreportable --noignore-errors --nopreenv --verbose 5 --copies 1 --threads 1 --copynum 4 --tune base --logfile /home/cpu2017/tmp/CPU2017.006.0/templogs/523.xalancbmk_r.train.base --lognum 006.0.4 523.xalancbmk_r
0.0,0.0,1,1540,26849,/home/cpu2017/bin/specinvoke -d /home/cpu2017/benchspec/CPU/523.xalancbmk_r/run/run_base_train_mytest-64.0000 -f speccmds.cmd -q -e speccmds.err -o speccmds.stdout
0.1,0.7,1,1540,26850,/home/cpu2017/bin/specperl /home/cpu2017/bin/harness/runcpu --config default.cfg --nokeeptmp --nolog_timestamp --iterations 1 --from_runcpu 1 --nouse-submit-for-speed --label mytest-64 --size train --nobuild --noreportable --noignore-errors --nopreenv --verbose 5 --copies 1 --threads 1 --copynum 4 --tune base --logfile /home/cpu2017/tmp/CPU2017.006.0/templogs/523.xalancbmk_r.train.base --lognum 006.0.4 523.xalancbmk_r
2.2,0.8,4,1545,26734,/home/cpu2017/bin/specperl /home/cpu2017/bin/harness/runcpu --config default.cfg --nokeeptmp --nolog_timestamp --iterations 1 --from_runcpu 1 --nouse-submit-for-speed --label mytest-64 --size train --nobuild --noreportable --noignore-errors --nopreenv --verbose 5 --copies 1 --threads 1 --copynum 4 --tune base --logfile /home/cpu2017/tmp/CPU2017.006.0/templogs/523.xalancbmk_r.train.base --lognum 006.0.4 523.xalancbmk_r
0.0,0.0,4,1545,26849,/home/cpu2017/bin/specinvoke -d /home/cpu2017/benchspec/CPU/523.xalancbmk_r/run/run_base_train_mytest-64.0000 -f speccmds.cmd -q -e speccmds.err -o speccmds.stdout
0.1,0.7,5,1545,26850,/home/cpu2017/bin/specperl /home/cpu2017/bin/harness/runcpu --config default.cfg --nokeeptmp --nolog_timestamp --iterations 1 --from_runcpu 1 --nouse-submit-for-speed --label mytest-64 --size train --nobuild --noreportable --noignore-errors --nopreenv --verbose 5 --copies 1 --threads 1 --copynum 4 --tune base --logfile /home/cpu2017/tmp/CPU2017.006.0/templogs/523.xalancbmk_r.train.base --lognum 006.0.4 523.xalancbmk_r
1.8,0.8,2,1550,26734,/home/cpu2017/bin/specperl /home/cpu2017/bin/harness/runcpu --config default.cfg --nokeeptmp --nolog_timestamp --iterations 1 --from_runcpu 1 --nouse-submit-for-speed --label mytest-64 --size train --nobuild --noreportable --noignore-errors --nopreenv --verbose 5 --copies 1 --threads 1 --copynum 4 --tune base --logfile /home/cpu2017/tmp/CPU2017.006.0/templogs/523.xalancbmk_r.train.base --lognum 006.0.4 523.xalancbmk_r
0.0,0.0,1,1550,26849,/home/cpu2017/bin/specinvoke -d /home/cpu2017/benchspec/CPU/523.xalancbmk_r/run/run_base_train_mytest-64.0000 -f speccmds.cmd -q -e speccmds.err -o speccmds.stdout
0.0,0.7,1,1550,26850,/home/cpu2017/bin/specperl /home/cpu2017/bin/harness/runcpu --config default.cfg --nokeeptmp --nolog_timestamp --iterations 1 --from_runcpu 1 --nouse-submit-for-speed --label mytest-64 --size train --nobuild --noreportable --noignore-errors --nopreenv --verbose 5 --copies 1 --threads 1 --copynum 4 --tune base --logfile /home/cpu2017/tmp/CPU2017.006.0/templogs/523.xalancbmk_r.train.base --lognum 006.0.4 523.xalancbmk_r
1.5,0.8,1,1555,26734,/home/cpu2017/bin/specperl /home/cpu2017/bin/harness/runcpu --config default.cfg --nokeeptmp --nolog_timestamp --iterations 1 --from_runcpu 1 --nouse-submit-for-speed --label mytest-64 --size train --nobuild --noreportable --noignore-errors --nopreenv --verbose 5 --copies 1 --threads 1 --copynum 4 --tune base --logfile /home/cpu2017/tmp/CPU2017.006.0/templogs/523.xalancbmk_r.train.base --lognum 006.0.4 523.xalancbmk_r
0.0,0.0,0,1555,26849,/home/cpu2017/bin/specinvoke -d /home/cpu2017/benchspec/CPU/523.xalancbmk_r/run/run_base_train_mytest-64.0000 -f speccmds.cmd -q -e speccmds.err -o speccmds.stdout
0.0,0.7,1,1555,26850,/home/cpu2017/bin/specperl /home/cpu2017/bin/harness/runcpu --config default.cfg --nokeeptmp --nolog_timestamp --iterations 1 --from_runcpu 1 --nouse-submit-for-speed --label mytest-64 --size train --nobuild --noreportable --noignore-errors --nopreenv --verbose 5 --copies 1 --threads 1 --copynum 4 --tune base --logfile /home/cpu2017/tmp/CPU2017.006.0/templogs/523.xalancbmk_r.train.base --lognum 006.0.4 523.xalancbmk_r
1.4,0.8,6,1560,26734,/home/cpu2017/bin/specperl /home/cpu2017/bin/harness/runcpu --config default.cfg --nokeeptmp --nolog_timestamp --iterations 1 --from_runcpu 1 --nouse-submit-for-speed --label mytest-64 --size train --nobuild --noreportable --noignore-errors --nopreenv --verbose 5 --copies 1 --threads 1 --copynum 4 --tune base --logfile /home/cpu2017/tmp/CPU2017.006.0/templogs/523.xalancbmk_r.train.base --lognum 006.0.4 523.xalancbmk_r
0.0,0.0,1,1560,26849,/home/cpu2017/bin/specinvoke -d /home/cpu2017/benchspec/CPU/523.xalancbmk_r/run/run_base_train_mytest-64.0000 -f speccmds.cmd -q -e speccmds.err -o speccmds.stdout
0.0,0.7,4,1560,26850,/home/cpu2017/bin/specperl /home/cpu2017/bin/harness/runcpu --config default.cfg --nokeeptmp --nolog_timestamp --iterations 1 --from_runcpu 1 --nouse-submit-for-speed --label mytest-64 --size train --nobuild --noreportable --noignore-errors --nopreenv --verbose 5 --copies 1 --threads 1 --copynum 4 --tune base --logfile /home/cpu2017/tmp/CPU2017.006.0/templogs/523.xalancbmk_r.train.base --lognum 006.0.4 523.xalancbmk_r
80.0,0.5,6,1775,29330,/home/cpu2017/bin/specperl /home/cpu2017/bin/harness/runcpu --config default.cfg --nokeeptmp --nolog_timestamp --iterations 1 --from_runcpu 1 --nouse-submit-for-speed --label mytest-64 --size train --nobuild --noreportable --noignore-errors --nopreenv --verbose 5 --copies 1 --threads 1 --copynum 15 --tune peak --logfile /home/cpu2017/tmp/CPU2017.006.0/templogs/523.xalancbmk_r.train.peak --lognum 006.0.15 523.xalancbmk_r
34.8,0.8,5,1780,29330,/home/cpu2017/bin/specperl /home/cpu2017/bin/harness/runcpu --config default.cfg --nokeeptmp --nolog_timestamp --iterations 1 --from_runcpu 1 --nouse-submit-for-speed --label mytest-64 --size train --nobuild --noreportable --noignore-errors --nopreenv --verbose 5 --copies 1 --threads 1 --copynum 15 --tune peak --logfile /home/cpu2017/tmp/CPU2017.006.0/templogs/523.xalancbmk_r.train.peak --lognum 006.0.15 523.xalancbmk_r
0.6,0.0,5,1780,29363,/home/cpu2017/bin/specinvoke -d /home/cpu2017/benchspec/CPU/523.xalancbmk_r/run/run_peak_train_mytest-64.0000 -f speccmds.cmd -q -e speccmds.err -o speccmds.stdout
0.3,0.7,1,1780,29364,/home/cpu2017/bin/specperl /home/cpu2017/bin/harness/runcpu --config default.cfg --nokeeptmp --nolog_timestamp --iterations 1 --from_runcpu 1 --nouse-submit-for-speed --label mytest-64 --size train --nobuild --noreportable --noignore-errors --nopreenv --verbose 5 --copies 1 --threads 1 --copynum 15 --tune peak --logfile /home/cpu2017/tmp/CPU2017.006.0/templogs/523.xalancbmk_r.train.peak --lognum 006.0.15 523.xalancbmk_r
18.5,0.8,5,1785,29330,/home/cpu2017/bin/specperl /home/cpu2017/bin/harness/runcpu --config default.cfg --nokeeptmp --nolog_timestamp --iterations 1 --from_runcpu 1 --nouse-submit-for-speed --label mytest-64 --size train --nobuild --noreportable --noignore-errors --nopreenv --verbose 5 --copies 1 --threads 1 --copynum 15 --tune peak --logfile /home/cpu2017/tmp/CPU2017.006.0/templogs/523.xalancbmk_r.train.peak --lognum 006.0.15 523.xalancbmk_r
0.2,0.0,5,1785,29363,/home/cpu2017/bin/specinvoke -d /home/cpu2017/benchspec/CPU/523.xalancbmk_r/run/run_peak_train_mytest-64.0000 -f speccmds.cmd -q -e speccmds.err -o speccmds.stdout
0.3,0.7,5,1785,29364,/home/cpu2017/bin/specperl /home/cpu2017/bin/harness/runcpu --config default.cfg --nokeeptmp --nolog_timestamp --iterations 1 --from_runcpu 1 --nouse-submit-for-speed --label mytest-64 --size train --nobuild --noreportable --noignore-errors --nopreenv --verbose 5 --copies 1 --threads 1 --copynum 15 --tune peak --logfile /home/cpu2017/tmp/CPU2017.006.0/templogs/523.xalancbmk_r.train.peak --lognum 006.0.15 523.xalancbmk_r
12.6,0.8,5,1790,29330,/home/cpu2017/bin/specperl /home/cpu2017/bin/harness/runcpu --config default.cfg --nokeeptmp --nolog_timestamp --iterations 1 --from_runcpu 1 --nouse-submit-for-speed --label mytest-64 --size train --nobuild --noreportable --noignore-errors --nopreenv --verbose 5 --copies 1 --threads 1 --copynum 15 --tune peak --logfile /home/cpu2017/tmp/CPU2017.006.0/templogs/523.xalancbmk_r.train.peak --lognum 006.0.15 523.xalancbmk_r
0.1,0.0,5,1790,29363,/home/cpu2017/bin/specinvoke -d /home/cpu2017/benchspec/CPU/523.xalancbmk_r/run/run_peak_train_mytest-64.0000 -f speccmds.cmd -q -e speccmds.err -o speccmds.stdout
0.3,0.7,5,1790,29364,/home/cpu2017/bin/specperl /home/cpu2017/bin/harness/runcpu --config default.cfg --nokeeptmp --nolog_timestamp --iterations 1 --from_runcpu 1 --nouse-submit-for-speed --label mytest-64 --size train --nobuild --noreportable --noignore-errors --nopreenv --verbose 5 --copies 1 --threads 1 --copynum 15 --tune peak --logfile /home/cpu2017/tmp/CPU2017.006.0/templogs/523.xalancbmk_r.train.peak --lognum 006.0.15 523.xalancbmk_r
9.5,0.8,4,1795,29330,/home/cpu2017/bin/specperl /home/cpu2017/bin/harness/runcpu --config default.cfg --nokeeptmp --nolog_timestamp --iterations 1 --from_runcpu 1 --nouse-submit-for-speed --label mytest-64 --size train --nobuild --noreportable --noignore-errors --nopreenv --verbose 5 --copies 1 --threads 1 --copynum 15 --tune peak --logfile /home/cpu2017/tmp/CPU2017.006.0/templogs/523.xalancbmk_r.train.peak --lognum 006.0.15 523.xalancbmk_r
0.1,0.0,4,1795,29363,/home/cpu2017/bin/specinvoke -d /home/cpu2017/benchspec/CPU/523.xalancbmk_r/run/run_peak_train_mytest-64.0000 -f speccmds.cmd -q -e speccmds.err -o speccmds.stdout
0.4,0.7,4,1795,29364,/home/cpu2017/bin/specperl /home/cpu2017/bin/harness/runcpu --config default.cfg --nokeeptmp --nolog_timestamp --iterations 1 --from_runcpu 1 --nouse-submit-for-speed --label mytest-64 --size train --nobuild --noreportable --noignore-errors --nopreenv --verbose 5 --copies 1 --threads 1 --copynum 15 --tune peak --logfile /home/cpu2017/tmp/CPU2017.006.0/templogs/523.xalancbmk_r.train.peak --lognum 006.0.15 523.xalancbmk_r
1.1,0.0,0,4255,24527,/home/cpu2017/bin/specinvoke -d /home/cpu2017/benchspec/CPU/523.xalancbmk_r/run/run_base_refrate_mytest-64.0007 -f speccmds.cmd -q -e speccmds.err -o speccmds.stdout
0.1,0.0,6,4260,24527,/home/cpu2017/bin/specinvoke -d /home/cpu2017/benchspec/CPU/523.xalancbmk_r/run/run_base_refrate_mytest-64.0007 -f speccmds.cmd -q -e speccmds.err -o speccmds.stdout
0.0,0.0,7,4265,24527,/home/cpu2017/bin/specinvoke -d /home/cpu2017/benchspec/CPU/523.xalancbmk_r/run/run_base_refrate_mytest-64.0007 -f speccmds.cmd -q -e speccmds.err -o speccmds.stdout
0.0,0.0,4,4270,24527,/home/cpu2017/bin/specinvoke -d /home/cpu2017/benchspec/CPU/523.xalancbmk_r/run/run_base_refrate_mytest-64.0007 -f speccmds.cmd -q -e speccmds.err -o speccmds.stdout
0.0,0.0,2,4275,24527,/home/cpu2017/bin/specinvoke -d /home/cpu2017/benchspec/CPU/523.xalancbmk_r/run/run_base_refrate_mytest-64.0007 -f speccmds.cmd -q -e speccmds.err -o speccmds.stdout
0.0,0.0,2,4280,24527,/home/cpu2017/bin/specinvoke -d /home/cpu2017/benchspec/CPU/523.xalancbmk_r/run/run_base_refrate_mytest-64.0007 -f speccmds.cmd -q -e speccmds.err -o speccmds.stdout
0.0,0.0,0,4285,24527,/home/cpu2017/bin/specinvoke -d /home/cpu2017/benchspec/CPU/523.xalancbmk_r/run/run_base_refrate_mytest-64.0007 -f speccmds.cmd -q -e speccmds.err -o speccmds.stdout
0.0,0.0,0,4290,24527,/home/cpu2017/bin/specinvoke -d /home/cpu2017/benchspec/CPU/523.xalancbmk_r/run/run_base_refrate_mytest-64.0007 -f speccmds.cmd -q -e speccmds.err -o speccmds.stdout
0.0,0.0,7,4295,24527,/home/cpu2017/bin/specinvoke -d /home/cpu2017/benchspec/CPU/523.xalancbmk_r/run/run_base_refrate_mytest-64.0007 -f speccmds.cmd -q -e speccmds.err -o speccmds.stdout
0.0,0.0,7,4300,24527,/home/cpu2017/bin/specinvoke -d /home/cpu2017/benchspec/CPU/523.xalancbmk_r/run/run_base_refrate_mytest-64.0007 -f speccmds.cmd -q -e speccmds.err -o speccmds.stdout
0.0,0.0,2,4305,24527,/home/cpu2017/bin/specinvoke -d /home/cpu2017/benchspec/CPU/523.xalancbmk_r/run/run_base_refrate_mytest-64.0007 -f speccmds.cmd -q -e speccmds.err -o speccmds.stdout
0.0,0.0,3,4310,24527,/home/cpu2017/bin/specinvoke -d /home/cpu2017/benchspec/CPU/523.xalancbmk_r/run/run_base_refrate_mytest-64.0007 -f speccmds.cmd -q -e speccmds.err -o speccmds.stdout
0.0,0.0,2,4315,24527,/home/cpu2017/bin/specinvoke -d /home/cpu2017/benchspec/CPU/523.xalancbmk_r/run/run_base_refrate_mytest-64.0007 -f speccmds.cmd -q -e speccmds.err -o speccmds.stdout
0.0,0.0,2,4320,24527,/home/cpu2017/bin/specinvoke -d /home/cpu2017/benchspec/CPU/523.xalancbmk_r/run/run_base_refrate_mytest-64.0007 -f speccmds.cmd -q -e speccmds.err -o speccmds.stdout
0.0,0.0,0,4325,24527,/home/cpu2017/bin/specinvoke -d /home/cpu2017/benchspec/CPU/523.xalancbmk_r/run/run_base_refrate_mytest-64.0007 -f speccmds.cmd -q -e speccmds.err -o speccmds.stdout
0.0,0.0,6,4330,24527,/home/cpu2017/bin/specinvoke -d /home/cpu2017/benchspec/CPU/523.xalancbmk_r/run/run_base_refrate_mytest-64.0007 -f speccmds.cmd -q -e speccmds.err -o speccmds.stdout
0.0,0.0,5,4335,24527,/home/cpu2017/bin/specinvoke -d /home/cpu2017/benchspec/CPU/523.xalancbmk_r/run/run_base_refrate_mytest-64.0007 -f speccmds.cmd -q -e speccmds.err -o speccmds.stdout
0.0,0.0,0,4340,24527,/home/cpu2017/bin/specinvoke -d /home/cpu2017/benchspec/CPU/523.xalancbmk_r/run/run_base_refrate_mytest-64.0007 -f speccmds.cmd -q -e speccmds.err -o speccmds.stdout
0.0,0.0,6,4345,24527,/home/cpu2017/bin/specinvoke -d /home/cpu2017/benchspec/CPU/523.xalancbmk_r/run/run_base_refrate_mytest-64.0007 -f speccmds.cmd -q -e speccmds.err -o speccmds.stdout
0.0,0.0,0,4350,24527,/home/cpu2017/bin/specinvoke -d /home/cpu2017/benchspec/CPU/523.xalancbmk_r/run/run_base_refrate_mytest-64.0007 -f speccmds.cmd -q -e speccmds.err -o speccmds.stdout
0.0,0.0,6,4355,24527,/home/cpu2017/bin/specinvoke -d /home/cpu2017/benchspec/CPU/523.xalancbmk_r/run/run_base_refrate_mytest-64.0007 -f speccmds.cmd -q -e speccmds.err -o speccmds.stdout
0.0,0.0,3,4360,24527,/home/cpu2017/bin/specinvoke -d /home/cpu2017/benchspec/CPU/523.xalancbmk_r/run/run_base_refrate_mytest-64.0007 -f speccmds.cmd -q -e speccmds.err -o speccmds.stdout
0.0,0.0,7,4365,24527,/home/cpu2017/bin/specinvoke -d /home/cpu2017/benchspec/CPU/523.xalancbmk_r/run/run_base_refrate_mytest-64.0007 -f speccmds.cmd -q -e speccmds.err -o speccmds.stdout
0.0,0.0,3,4370,24527,/home/cpu2017/bin/specinvoke -d /home/cpu2017/benchspec/CPU/523.xalancbmk_r/run/run_base_refrate_mytest-64.0007 -f speccmds.cmd -q -e speccmds.err -o speccmds.stdout
0.0,0.0,3,4375,24527,/home/cpu2017/bin/specinvoke -d /home/cpu2017/benchspec/CPU/523.xalancbmk_r/run/run_base_refrate_mytest-64.0007 -f speccmds.cmd -q -e speccmds.err -o speccmds.stdout
0.0,0.0,3,4380,24527,/home/cpu2017/bin/specinvoke -d /home/cpu2017/benchspec/CPU/523.xalancbmk_r/run/run_base_refrate_mytest-64.0007 -f speccmds.cmd -q -e speccmds.err -o speccmds.stdout
0.0,0.0,3,4385,24527,/home/cpu2017/bin/specinvoke -d /home/cpu2017/benchspec/CPU/523.xalancbmk_r/run/run_base_refrate_mytest-64.0007 -f speccmds.cmd -q -e speccmds.err -o speccmds.stdout
0.0,0.0,3,4390,24527,/home/cpu2017/bin/specinvoke -d /home/cpu2017/benchspec/CPU/523.xalancbmk_r/run/run_base_refrate_mytest-64.0007 -f speccmds.cmd -q -e speccmds.err -o speccmds.stdout
0.0,0.0,0,4395,24527,/home/cpu2017/bin/specinvoke -d /home/cpu2017/benchspec/CPU/523.xalancbmk_r/run/run_base_refrate_mytest-64.0007 -f speccmds.cmd -q -e speccmds.err -o speccmds.stdout
0.0,0.0,7,4400,24527,/home/cpu2017/bin/specinvoke -d /home/cpu2017/benchspec/CPU/523.xalancbmk_r/run/run_base_refrate_mytest-64.0007 -f speccmds.cmd -q -e speccmds.err -o speccmds.stdout
0.0,0.0,0,4405,24527,/home/cpu2017/bin/specinvoke -d /home/cpu2017/benchspec/CPU/523.xalancbmk_r/run/run_base_refrate_mytest-64.0007 -f speccmds.cmd -q -e speccmds.err -o speccmds.stdout
0.0,0.0,1,4410,24527,/home/cpu2017/bin/specinvoke -d /home/cpu2017/benchspec/CPU/523.xalancbmk_r/run/run_base_refrate_mytest-64.0007 -f speccmds.cmd -q -e speccmds.err -o speccmds.stdout
0.0,0.0,4,4415,24527,/home/cpu2017/bin/specinvoke -d /home/cpu2017/benchspec/CPU/523.xalancbmk_r/run/run_base_refrate_mytest-64.0007 -f speccmds.cmd -q -e speccmds.err -o speccmds.stdout
0.0,0.0,2,4420,24527,/home/cpu2017/bin/specinvoke -d /home/cpu2017/benchspec/CPU/523.xalancbmk_r/run/run_base_refrate_mytest-64.0007 -f speccmds.cmd -q -e speccmds.err -o speccmds.stdout
0.0,0.0,2,4425,24527,/home/cpu2017/bin/specinvoke -d /home/cpu2017/benchspec/CPU/523.xalancbmk_r/run/run_base_refrate_mytest-64.0007 -f speccmds.cmd -q -e speccmds.err -o speccmds.stdout
0.0,0.0,6,4430,24527,/home/cpu2017/bin/specinvoke -d /home/cpu2017/benchspec/CPU/523.xalancbmk_r/run/run_base_refrate_mytest-64.0007 -f speccmds.cmd -q -e speccmds.err -o speccmds.stdout
0.0,0.0,3,4435,24527,/home/cpu2017/bin/specinvoke -d /home/cpu2017/benchspec/CPU/523.xalancbmk_r/run/run_base_refrate_mytest-64.0007 -f speccmds.cmd -q -e speccmds.err -o speccmds.stdout
0.0,0.0,0,4440,24527,/home/cpu2017/bin/specinvoke -d /home/cpu2017/benchspec/CPU/523.xalancbmk_r/run/run_base_refrate_mytest-64.0007 -f speccmds.cmd -q -e speccmds.err -o speccmds.stdout
0.0,0.0,0,4445,24527,/home/cpu2017/bin/specinvoke -d /home/cpu2017/benchspec/CPU/523.xalancbmk_r/run/run_base_refrate_mytest-64.0007 -f speccmds.cmd -q -e speccmds.err -o speccmds.stdout
0.0,0.0,1,4450,24527,/home/cpu2017/bin/specinvoke -d /home/cpu2017/benchspec/CPU/523.xalancbmk_r/run/run_base_refrate_mytest-64.0007 -f speccmds.cmd -q -e speccmds.err -o speccmds.stdout
0.0,0.0,6,4455,24527,/home/cpu2017/bin/specinvoke -d /home/cpu2017/benchspec/CPU/523.xalancbmk_r/run/run_base_refrate_mytest-64.0007 -f speccmds.cmd -q -e speccmds.err -o speccmds.stdout
0.0,0.0,3,4460,24527,/home/cpu2017/bin/specinvoke -d /home/cpu2017/benchspec/CPU/523.xalancbmk_r/run/run_base_refrate_mytest-64.0007 -f speccmds.cmd -q -e speccmds.err -o speccmds.stdout
0.0,0.0,2,4465,24527,/home/cpu2017/bin/specinvoke -d /home/cpu2017/benchspec/CPU/523.xalancbmk_r/run/run_base_refrate_mytest-64.0007 -f speccmds.cmd -q -e speccmds.err -o speccmds.stdout
0.0,0.0,7,4470,24527,/home/cpu2017/bin/specinvoke -d /home/cpu2017/benchspec/CPU/523.xalancbmk_r/run/run_base_refrate_mytest-64.0007 -f speccmds.cmd -q -e speccmds.err -o speccmds.stdout
0.0,0.0,0,4475,24527,/home/cpu2017/bin/specinvoke -d /home/cpu2017/benchspec/CPU/523.xalancbmk_r/run/run_base_refrate_mytest-64.0007 -f speccmds.cmd -q -e speccmds.err -o speccmds.stdout
0.0,0.0,6,4480,24527,/home/cpu2017/bin/specinvoke -d /home/cpu2017/benchspec/CPU/523.xalancbmk_r/run/run_base_refrate_mytest-64.0007 -f speccmds.cmd -q -e speccmds.err -o speccmds.stdout
0.0,0.0,2,4485,24527,/home/cpu2017/bin/specinvoke -d /home/cpu2017/benchspec/CPU/523.xalancbmk_r/run/run_base_refrate_mytest-64.0007 -f speccmds.cmd -q -e speccmds.err -o speccmds.stdout
0.0,0.0,3,4490,24527,/home/cpu2017/bin/specinvoke -d /home/cpu2017/benchspec/CPU/523.xalancbmk_r/run/run_base_refrate_mytest-64.0007 -f speccmds.cmd -q -e speccmds.err -o speccmds.stdout
0.0,0.0,0,4495,24527,/home/cpu2017/bin/specinvoke -d /home/cpu2017/benchspec/CPU/523.xalancbmk_r/run/run_base_refrate_mytest-64.0007 -f speccmds.cmd -q -e speccmds.err -o speccmds.stdout
0.0,0.0,2,4500,24527,/home/cpu2017/bin/specinvoke -d /home/cpu2017/benchspec/CPU/523.xalancbmk_r/run/run_base_refrate_mytest-64.0007 -f speccmds.cmd -q -e speccmds.err -o speccmds.stdout
0.0,0.0,1,4505,24527,/home/cpu2017/bin/specinvoke -d /home/cpu2017/benchspec/CPU/523.xalancbmk_r/run/run_base_refrate_mytest-64.0007 -f speccmds.cmd -q -e speccmds.err -o speccmds.stdout
0.0,0.0,3,4510,24527,/home/cpu2017/bin/specinvoke -d /home/cpu2017/benchspec/CPU/523.xalancbmk_r/run/run_base_refrate_mytest-64.0007 -f speccmds.cmd -q -e speccmds.err -o speccmds.stdout
0.0,0.0,1,4515,24527,/home/cpu2017/bin/specinvoke -d /home/cpu2017/benchspec/CPU/523.xalancbmk_r/run/run_base_refrate_mytest-64.0007 -f speccmds.cmd -q -e speccmds.err -o speccmds.stdout
0.0,0.0,1,4520,24527,/home/cpu2017/bin/specinvoke -d /home/cpu2017/benchspec/CPU/523.xalancbmk_r/run/run_base_refrate_mytest-64.0007 -f speccmds.cmd -q -e speccmds.err -o speccmds.stdout
0.0,0.0,7,4525,24527,/home/cpu2017/bin/specinvoke -d /home/cpu2017/benchspec/CPU/523.xalancbmk_r/run/run_base_refrate_mytest-64.0007 -f speccmds.cmd -q -e speccmds.err -o speccmds.stdout
0.0,0.0,2,4530,24527,/home/cpu2017/bin/specinvoke -d /home/cpu2017/benchspec/CPU/523.xalancbmk_r/run/run_base_refrate_mytest-64.0007 -f speccmds.cmd -q -e speccmds.err -o speccmds.stdout
0.0,0.0,2,4535,24527,/home/cpu2017/bin/specinvoke -d /home/cpu2017/benchspec/CPU/523.xalancbmk_r/run/run_base_refrate_mytest-64.0007 -f speccmds.cmd -q -e speccmds.err -o speccmds.stdout
0.0,0.0,2,4540,24527,/home/cpu2017/bin/specinvoke -d /home/cpu2017/benchspec/CPU/523.xalancbmk_r/run/run_base_refrate_mytest-64.0007 -f speccmds.cmd -q -e speccmds.err -o speccmds.stdout
0.0,0.0,7,4545,24527,/home/cpu2017/bin/specinvoke -d /home/cpu2017/benchspec/CPU/523.xalancbmk_r/run/run_base_refrate_mytest-64.0007 -f speccmds.cmd -q -e speccmds.err -o speccmds.stdout
0.0,0.0,7,4550,24527,/home/cpu2017/bin/specinvoke -d /home/cpu2017/benchspec/CPU/523.xalancbmk_r/run/run_base_refrate_mytest-64.0007 -f speccmds.cmd -q -e speccmds.err -o speccmds.stdout
0.0,0.0,7,4555,24527,/home/cpu2017/bin/specinvoke -d /home/cpu2017/benchspec/CPU/523.xalancbmk_r/run/run_base_refrate_mytest-64.0007 -f speccmds.cmd -q -e speccmds.err -o speccmds.stdout
0.0,0.0,7,4560,24527,/home/cpu2017/bin/specinvoke -d /home/cpu2017/benchspec/CPU/523.xalancbmk_r/run/run_base_refrate_mytest-64.0007 -f speccmds.cmd -q -e speccmds.err -o speccmds.stdout
0.0,0.0,7,4565,24527,/home/cpu2017/bin/specinvoke -d /home/cpu2017/benchspec/CPU/523.xalancbmk_r/run/run_base_refrate_mytest-64.0007 -f speccmds.cmd -q -e speccmds.err -o speccmds.stdout
0.0,0.0,0,4570,24527,/home/cpu2017/bin/specinvoke -d /home/cpu2017/benchspec/CPU/523.xalancbmk_r/run/run_base_refrate_mytest-64.0007 -f speccmds.cmd -q -e speccmds.err -o speccmds.stdout
0.0,0.0,1,4575,24527,/home/cpu2017/bin/specinvoke -d /home/cpu2017/benchspec/CPU/523.xalancbmk_r/run/run_base_refrate_mytest-64.0007 -f speccmds.cmd -q -e speccmds.err -o speccmds.stdout
0.6,0.0,4,9490,14421,/home/cpu2017/bin/specinvoke -d /home/cpu2017/benchspec/CPU/523.xalancbmk_r/run/run_base_refrate_mytest-64.0007 -f speccmds.cmd -q -e speccmds.err -o speccmds.stdout
0.2,0.0,4,9495,14421,/home/cpu2017/bin/specinvoke -d /home/cpu2017/benchspec/CPU/523.xalancbmk_r/run/run_base_refrate_mytest-64.0007 -f speccmds.cmd -q -e speccmds.err -o speccmds.stdout
0.1,0.0,4,9500,14421,/home/cpu2017/bin/specinvoke -d /home/cpu2017/benchspec/CPU/523.xalancbmk_r/run/run_base_refrate_mytest-64.0007 -f speccmds.cmd -q -e speccmds.err -o speccmds.stdout
0.1,0.0,4,9505,14421,/home/cpu2017/bin/specinvoke -d /home/cpu2017/benchspec/CPU/523.xalancbmk_r/run/run_base_refrate_mytest-64.0007 -f speccmds.cmd -q -e speccmds.err -o speccmds.stdout
0.0,0.0,4,9510,14421,/home/cpu2017/bin/specinvoke -d /home/cpu2017/benchspec/CPU/523.xalancbmk_r/run/run_base_refrate_mytest-64.0007 -f speccmds.cmd -q -e speccmds.err -o speccmds.stdout
0.0,0.0,4,9515,14421,/home/cpu2017/bin/specinvoke -d /home/cpu2017/benchspec/CPU/523.xalancbmk_r/run/run_base_refrate_mytest-64.0007 -f speccmds.cmd -q -e speccmds.err -o speccmds.stdout
0.0,0.0,4,9520,14421,/home/cpu2017/bin/specinvoke -d /home/cpu2017/benchspec/CPU/523.xalancbmk_r/run/run_base_refrate_mytest-64.0007 -f speccmds.cmd -q -e speccmds.err -o speccmds.stdout
0.0,0.0,4,9525,14421,/home/cpu2017/bin/specinvoke -d /home/cpu2017/benchspec/CPU/523.xalancbmk_r/run/run_base_refrate_mytest-64.0007 -f speccmds.cmd -q -e speccmds.err -o speccmds.stdout
0.0,0.0,4,9530,14421,/home/cpu2017/bin/specinvoke -d /home/cpu2017/benchspec/CPU/523.xalancbmk_r/run/run_base_refrate_mytest-64.0007 -f speccmds.cmd -q -e speccmds.err -o speccmds.stdout
0.0,0.0,4,9535,14421,/home/cpu2017/bin/specinvoke -d /home/cpu2017/benchspec/CPU/523.xalancbmk_r/run/run_base_refrate_mytest-64.0007 -f speccmds.cmd -q -e speccmds.err -o speccmds.stdout
0.0,0.0,4,9540,14421,/home/cpu2017/bin/specinvoke -d /home/cpu2017/benchspec/CPU/523.xalancbmk_r/run/run_base_refrate_mytest-64.0007 -f speccmds.cmd -q -e speccmds.err -o speccmds.stdout
0.0,0.0,4,9545,14421,/home/cpu2017/bin/specinvoke -d /home/cpu2017/benchspec/CPU/523.xalancbmk_r/run/run_base_refrate_mytest-64.0007 -f speccmds.cmd -q -e speccmds.err -o speccmds.stdout
0.0,0.0,4,9550,14421,/home/cpu2017/bin/specinvoke -d /home/cpu2017/benchspec/CPU/523.xalancbmk_r/run/run_base_refrate_mytest-64.0007 -f speccmds.cmd -q -e speccmds.err -o speccmds.stdout
0.0,0.0,4,9555,14421,/home/cpu2017/bin/specinvoke -d /home/cpu2017/benchspec/CPU/523.xalancbmk_r/run/run_base_refrate_mytest-64.0007 -f speccmds.cmd -q -e speccmds.err -o speccmds.stdout
0.0,0.0,4,9560,14421,/home/cpu2017/bin/specinvoke -d /home/cpu2017/benchspec/CPU/523.xalancbmk_r/run/run_base_refrate_mytest-64.0007 -f speccmds.cmd -q -e speccmds.err -o speccmds.stdout
0.0,0.0,4,9565,14421,/home/cpu2017/bin/specinvoke -d /home/cpu2017/benchspec/CPU/523.xalancbmk_r/run/run_base_refrate_mytest-64.0007 -f speccmds.cmd -q -e speccmds.err -o speccmds.stdout
0.0,0.0,4,9570,14421,/home/cpu2017/bin/specinvoke -d /home/cpu2017/benchspec/CPU/523.xalancbmk_r/run/run_base_refrate_mytest-64.0007 -f speccmds.cmd -q -e speccmds.err -o speccmds.stdout
0.0,0.0,4,9575,14421,/home/cpu2017/bin/specinvoke -d /home/cpu2017/benchspec/CPU/523.xalancbmk_r/run/run_base_refrate_mytest-64.0007 -f speccmds.cmd -q -e speccmds.err -o speccmds.stdout
0.0,0.0,4,9580,14421,/home/cpu2017/bin/specinvoke -d /home/cpu2017/benchspec/CPU/523.xalancbmk_r/run/run_base_refrate_mytest-64.0007 -f speccmds.cmd -q -e speccmds.err -o speccmds.stdout
0.0,0.0,4,9585,14421,/home/cpu2017/bin/specinvoke -d /home/cpu2017/benchspec/CPU/523.xalancbmk_r/run/run_base_refrate_mytest-64.0007 -f speccmds.cmd -q -e speccmds.err -o speccmds.stdout
0.0,0.0,4,9590,14421,/home/cpu2017/bin/specinvoke -d /home/cpu2017/benchspec/CPU/523.xalancbmk_r/run/run_base_refrate_mytest-64.0007 -f speccmds.cmd -q -e speccmds.err -o speccmds.stdout
0.0,0.0,4,9595,14421,/home/cpu2017/bin/specinvoke -d /home/cpu2017/benchspec/CPU/523.xalancbmk_r/run/run_base_refrate_mytest-64.0007 -f speccmds.cmd -q -e speccmds.err -o speccmds.stdout
0.0,0.0,4,9600,14421,/home/cpu2017/bin/specinvoke -d /home/cpu2017/benchspec/CPU/523.xalancbmk_r/run/run_base_refrate_mytest-64.0007 -f speccmds.cmd -q -e speccmds.err -o speccmds.stdout
0.0,0.0,4,9605,14421,/home/cpu2017/bin/specinvoke -d /home/cpu2017/benchspec/CPU/523.xalancbmk_r/run/run_base_refrate_mytest-64.0007 -f speccmds.cmd -q -e speccmds.err -o speccmds.stdout
0.0,0.0,4,9610,14421,/home/cpu2017/bin/specinvoke -d /home/cpu2017/benchspec/CPU/523.xalancbmk_r/run/run_base_refrate_mytest-64.0007 -f speccmds.cmd -q -e speccmds.err -o speccmds.stdout
0.0,0.0,4,9615,14421,/home/cpu2017/bin/specinvoke -d /home/cpu2017/benchspec/CPU/523.xalancbmk_r/run/run_base_refrate_mytest-64.0007 -f speccmds.cmd -q -e speccmds.err -o speccmds.stdout
0.0,0.0,4,9620,14421,/home/cpu2017/bin/specinvoke -d /home/cpu2017/benchspec/CPU/523.xalancbmk_r/run/run_base_refrate_mytest-64.0007 -f speccmds.cmd -q -e speccmds.err -o speccmds.stdout
0.0,0.0,4,9625,14421,/home/cpu2017/bin/specinvoke -d /home/cpu2017/benchspec/CPU/523.xalancbmk_r/run/run_base_refrate_mytest-64.0007 -f speccmds.cmd -q -e speccmds.err -o speccmds.stdout
0.0,0.0,4,9630,14421,/home/cpu2017/bin/specinvoke -d /home/cpu2017/benchspec/CPU/523.xalancbmk_r/run/run_base_refrate_mytest-64.0007 -f speccmds.cmd -q -e speccmds.err -o speccmds.stdout
0.0,0.0,4,9635,14421,/home/cpu2017/bin/specinvoke -d /home/cpu2017/benchspec/CPU/523.xalancbmk_r/run/run_base_refrate_mytest-64.0007 -f speccmds.cmd -q -e speccmds.err -o speccmds.stdout
0.0,0.0,4,9640,14421,/home/cpu2017/bin/specinvoke -d /home/cpu2017/benchspec/CPU/523.xalancbmk_r/run/run_base_refrate_mytest-64.0007 -f speccmds.cmd -q -e speccmds.err -o speccmds.stdout
0.0,0.0,4,9645,14421,/home/cpu2017/bin/specinvoke -d /home/cpu2017/benchspec/CPU/523.xalancbmk_r/run/run_base_refrate_mytest-64.0007 -f speccmds.cmd -q -e speccmds.err -o speccmds.stdout
0.0,0.0,4,9650,14421,/home/cpu2017/bin/specinvoke -d /home/cpu2017/benchspec/CPU/523.xalancbmk_r/run/run_base_refrate_mytest-64.0007 -f speccmds.cmd -q -e speccmds.err -o speccmds.stdout
0.0,0.0,4,9655,14421,/home/cpu2017/bin/specinvoke -d /home/cpu2017/benchspec/CPU/523.xalancbmk_r/run/run_base_refrate_mytest-64.0007 -f speccmds.cmd -q -e speccmds.err -o speccmds.stdout
0.0,0.0,4,9660,14421,/home/cpu2017/bin/specinvoke -d /home/cpu2017/benchspec/CPU/523.xalancbmk_r/run/run_base_refrate_mytest-64.0007 -f speccmds.cmd -q -e speccmds.err -o speccmds.stdout
0.0,0.0,4,9665,14421,/home/cpu2017/bin/specinvoke -d /home/cpu2017/benchspec/CPU/523.xalancbmk_r/run/run_base_refrate_mytest-64.0007 -f speccmds.cmd -q -e speccmds.err -o speccmds.stdout
0.0,0.0,4,9670,14421,/home/cpu2017/bin/specinvoke -d /home/cpu2017/benchspec/CPU/523.xalancbmk_r/run/run_base_refrate_mytest-64.0007 -f speccmds.cmd -q -e speccmds.err -o speccmds.stdout
0.0,0.0,4,9675,14421,/home/cpu2017/bin/specinvoke -d /home/cpu2017/benchspec/CPU/523.xalancbmk_r/run/run_base_refrate_mytest-64.0007 -f speccmds.cmd -q -e speccmds.err -o speccmds.stdout
0.0,0.0,4,9680,14421,/home/cpu2017/bin/specinvoke -d /home/cpu2017/benchspec/CPU/523.xalancbmk_r/run/run_base_refrate_mytest-64.0007 -f speccmds.cmd -q -e speccmds.err -o speccmds.stdout
0.0,0.0,4,9685,14421,/home/cpu2017/bin/specinvoke -d /home/cpu2017/benchspec/CPU/523.xalancbmk_r/run/run_base_refrate_mytest-64.0007 -f speccmds.cmd -q -e speccmds.err -o speccmds.stdout
0.0,0.0,4,9690,14421,/home/cpu2017/bin/specinvoke -d /home/cpu2017/benchspec/CPU/523.xalancbmk_r/run/run_base_refrate_mytest-64.0007 -f speccmds.cmd -q -e speccmds.err -o speccmds.stdout
0.0,0.0,4,9695,14421,/home/cpu2017/bin/specinvoke -d /home/cpu2017/benchspec/CPU/523.xalancbmk_r/run/run_base_refrate_mytest-64.0007 -f speccmds.cmd -q -e speccmds.err -o speccmds.stdout
0.0,0.0,4,9700,14421,/home/cpu2017/bin/specinvoke -d /home/cpu2017/benchspec/CPU/523.xalancbmk_r/run/run_base_refrate_mytest-64.0007 -f speccmds.cmd -q -e speccmds.err -o speccmds.stdout
0.0,0.0,4,9705,14421,/home/cpu2017/bin/specinvoke -d /home/cpu2017/benchspec/CPU/523.xalancbmk_r/run/run_base_refrate_mytest-64.0007 -f speccmds.cmd -q -e speccmds.err -o speccmds.stdout
0.0,0.0,4,9710,14421,/home/cpu2017/bin/specinvoke -d /home/cpu2017/benchspec/CPU/523.xalancbmk_r/run/run_base_refrate_mytest-64.0007 -f speccmds.cmd -q -e speccmds.err -o speccmds.stdout
0.0,0.0,4,9715,14421,/home/cpu2017/bin/specinvoke -d /home/cpu2017/benchspec/CPU/523.xalancbmk_r/run/run_base_refrate_mytest-64.0007 -f speccmds.cmd -q -e speccmds.err -o speccmds.stdout
0.0,0.0,4,9720,14421,/home/cpu2017/bin/specinvoke -d /home/cpu2017/benchspec/CPU/523.xalancbmk_r/run/run_base_refrate_mytest-64.0007 -f speccmds.cmd -q -e speccmds.err -o speccmds.stdout
0.0,0.0,4,9725,14421,/home/cpu2017/bin/specinvoke -d /home/cpu2017/benchspec/CPU/523.xalancbmk_r/run/run_base_refrate_mytest-64.0007 -f speccmds.cmd -q -e speccmds.err -o speccmds.stdout
0.0,0.0,4,9730,14421,/home/cpu2017/bin/specinvoke -d /home/cpu2017/benchspec/CPU/523.xalancbmk_r/run/run_base_refrate_mytest-64.0007 -f speccmds.cmd -q -e speccmds.err -o speccmds.stdout
0.0,0.0,4,9735,14421,/home/cpu2017/bin/specinvoke -d /home/cpu2017/benchspec/CPU/523.xalancbmk_r/run/run_base_refrate_mytest-64.0007 -f speccmds.cmd -q -e speccmds.err -o speccmds.stdout
0.0,0.0,4,9740,14421,/home/cpu2017/bin/specinvoke -d /home/cpu2017/benchspec/CPU/523.xalancbmk_r/run/run_base_refrate_mytest-64.0007 -f speccmds.cmd -q -e speccmds.err -o speccmds.stdout
0.0,0.0,4,9745,14421,/home/cpu2017/bin/specinvoke -d /home/cpu2017/benchspec/CPU/523.xalancbmk_r/run/run_base_refrate_mytest-64.0007 -f speccmds.cmd -q -e speccmds.err -o speccmds.stdout
0.0,0.0,4,9750,14421,/home/cpu2017/bin/specinvoke -d /home/cpu2017/benchspec/CPU/523.xalancbmk_r/run/run_base_refrate_mytest-64.0007 -f speccmds.cmd -q -e speccmds.err -o speccmds.stdout
0.0,0.0,4,9755,14421,/home/cpu2017/bin/specinvoke -d /home/cpu2017/benchspec/CPU/523.xalancbmk_r/run/run_base_refrate_mytest-64.0007 -f speccmds.cmd -q -e speccmds.err -o speccmds.stdout
0.0,0.0,4,9760,14421,/home/cpu2017/bin/specinvoke -d /home/cpu2017/benchspec/CPU/523.xalancbmk_r/run/run_base_refrate_mytest-64.0007 -f speccmds.cmd -q -e speccmds.err -o speccmds.stdout
0.0,0.0,4,9765,14421,/home/cpu2017/bin/specinvoke -d /home/cpu2017/benchspec/CPU/523.xalancbmk_r/run/run_base_refrate_mytest-64.0007 -f speccmds.cmd -q -e speccmds.err -o speccmds.stdout
0.0,0.0,4,9770,14421,/home/cpu2017/bin/specinvoke -d /home/cpu2017/benchspec/CPU/523.xalancbmk_r/run/run_base_refrate_mytest-64.0007 -f speccmds.cmd -q -e speccmds.err -o speccmds.stdout
0.0,0.0,4,9775,14421,/home/cpu2017/bin/specinvoke -d /home/cpu2017/benchspec/CPU/523.xalancbmk_r/run/run_base_refrate_mytest-64.0007 -f speccmds.cmd -q -e speccmds.err -o speccmds.stdout
0.0,0.0,4,9780,14421,/home/cpu2017/bin/specinvoke -d /home/cpu2017/benchspec/CPU/523.xalancbmk_r/run/run_base_refrate_mytest-64.0007 -f speccmds.cmd -q -e speccmds.err -o speccmds.stdout
0.0,0.0,4,9785,14421,/home/cpu2017/bin/specinvoke -d /home/cpu2017/benchspec/CPU/523.xalancbmk_r/run/run_base_refrate_mytest-64.0007 -f speccmds.cmd -q -e speccmds.err -o speccmds.stdout
0.0,0.0,4,9790,14421,/home/cpu2017/bin/specinvoke -d /home/cpu2017/benchspec/CPU/523.xalancbmk_r/run/run_base_refrate_mytest-64.0007 -f speccmds.cmd -q -e speccmds.err -o speccmds.stdout
0.0,0.0,4,9795,14421,/home/cpu2017/bin/specinvoke -d /home/cpu2017/benchspec/CPU/523.xalancbmk_r/run/run_base_refrate_mytest-64.0007 -f speccmds.cmd -q -e speccmds.err -o speccmds.stdout
0.0,0.0,4,9800,14421,/home/cpu2017/bin/specinvoke -d /home/cpu2017/benchspec/CPU/523.xalancbmk_r/run/run_base_refrate_mytest-64.0007 -f speccmds.cmd -q -e speccmds.err -o speccmds.stdout
0.0,0.0,4,9805,14421,/home/cpu2017/bin/specinvoke -d /home/cpu2017/benchspec/CPU/523.xalancbmk_r/run/run_base_refrate_mytest-64.0007 -f speccmds.cmd -q -e speccmds.err -o speccmds.stdout
0.0,0.0,4,9810,14421,/home/cpu2017/bin/specinvoke -d /home/cpu2017/benchspec/CPU/523.xalancbmk_r/run/run_base_refrate_mytest-64.0007 -f speccmds.cmd -q -e speccmds.err -o speccmds.stdout
0.0,0.0,4,9815,14421,/home/cpu2017/bin/specinvoke -d /home/cpu2017/benchspec/CPU/523.xalancbmk_r/run/run_base_refrate_mytest-64.0007 -f speccmds.cmd -q -e speccmds.err -o speccmds.stdout
0.0,0.0,4,9820,14421,/home/cpu2017/bin/specinvoke -d /home/cpu2017/benchspec/CPU/523.xalancbmk_r/run/run_base_refrate_mytest-64.0007 -f speccmds.cmd -q -e speccmds.err -o speccmds.stdout
0.0,0.0,4,9825,14421,/home/cpu2017/bin/specinvoke -d /home/cpu2017/benchspec/CPU/523.xalancbmk_r/run/run_base_refrate_mytest-64.0007 -f speccmds.cmd -q -e speccmds.err -o speccmds.stdout
0.0,0.0,4,9830,14421,/home/cpu2017/bin/specinvoke -d /home/cpu2017/benchspec/CPU/523.xalancbmk_r/run/run_base_refrate_mytest-64.0007 -f speccmds.cmd -q -e speccmds.err -o speccmds.stdout
0.0,0.0,4,9835,14421,/home/cpu2017/bin/specinvoke -d /home/cpu2017/benchspec/CPU/523.xalancbmk_r/run/run_base_refrate_mytest-64.0007 -f speccmds.cmd -q -e speccmds.err -o speccmds.stdout
0.0,0.0,4,9840,14421,/home/cpu2017/bin/specinvoke -d /home/cpu2017/benchspec/CPU/523.xalancbmk_r/run/run_base_refrate_mytest-64.0007 -f speccmds.cmd -q -e speccmds.err -o speccmds.stdout
0.0,0.0,4,9845,14421,/home/cpu2017/bin/specinvoke -d /home/cpu2017/benchspec/CPU/523.xalancbmk_r/run/run_base_refrate_mytest-64.0007 -f speccmds.cmd -q -e speccmds.err -o speccmds.stdout
0.0,0.0,4,9850,14421,/home/cpu2017/bin/specinvoke -d /home/cpu2017/benchspec/CPU/523.xalancbmk_r/run/run_base_refrate_mytest-64.0007 -f speccmds.cmd -q -e speccmds.err -o speccmds.stdout
0.0,0.0,4,9855,14421,/home/cpu2017/bin/specinvoke -d /home/cpu2017/benchspec/CPU/523.xalancbmk_r/run/run_base_refrate_mytest-64.0007 -f speccmds.cmd -q -e speccmds.err -o speccmds.stdout
0.0,0.0,4,9860,14421,/home/cpu2017/bin/specinvoke -d /home/cpu2017/benchspec/CPU/523.xalancbmk_r/run/run_base_refrate_mytest-64.0007 -f speccmds.cmd -q -e speccmds.err -o speccmds.stdout
0.0,0.0,4,9865,14421,/home/cpu2017/bin/specinvoke -d /home/cpu2017/benchspec/CPU/523.xalancbmk_r/run/run_base_refrate_mytest-64.0007 -f speccmds.cmd -q -e speccmds.err -o speccmds.stdout
0.0,0.0,4,9870,14421,/home/cpu2017/bin/specinvoke -d /home/cpu2017/benchspec/CPU/523.xalancbmk_r/run/run_base_refrate_mytest-64.0007 -f speccmds.cmd -q -e speccmds.err -o speccmds.stdout
0.0,0.0,4,9875,14421,/home/cpu2017/bin/specinvoke -d /home/cpu2017/benchspec/CPU/523.xalancbmk_r/run/run_base_refrate_mytest-64.0007 -f speccmds.cmd -q -e speccmds.err -o speccmds.stdout
0.0,0.0,4,9880,14421,/home/cpu2017/bin/specinvoke -d /home/cpu2017/benchspec/CPU/523.xalancbmk_r/run/run_base_refrate_mytest-64.0007 -f speccmds.cmd -q -e speccmds.err -o speccmds.stdout
0.0,0.0,4,9885,14421,/home/cpu2017/bin/specinvoke -d /home/cpu2017/benchspec/CPU/523.xalancbmk_r/run/run_base_refrate_mytest-64.0007 -f speccmds.cmd -q -e speccmds.err -o speccmds.stdout
0.0,0.0,4,9890,14421,/home/cpu2017/bin/specinvoke -d /home/cpu2017/benchspec/CPU/523.xalancbmk_r/run/run_base_refrate_mytest-64.0007 -f speccmds.cmd -q -e speccmds.err -o speccmds.stdout
0.0,0.0,4,9895,14421,/home/cpu2017/bin/specinvoke -d /home/cpu2017/benchspec/CPU/523.xalancbmk_r/run/run_base_refrate_mytest-64.0007 -f speccmds.cmd -q -e speccmds.err -o speccmds.stdout
0.0,0.0,4,9900,14421,/home/cpu2017/bin/specinvoke -d /home/cpu2017/benchspec/CPU/523.xalancbmk_r/run/run_base_refrate_mytest-64.0007 -f speccmds.cmd -q -e speccmds.err -o speccmds.stdout
0.0,0.0,4,9905,14421,/home/cpu2017/bin/specinvoke -d /home/cpu2017/benchspec/CPU/523.xalancbmk_r/run/run_base_refrate_mytest-64.0007 -f speccmds.cmd -q -e speccmds.err -o speccmds.stdout
0.0,0.0,4,9910,14421,/home/cpu2017/bin/specinvoke -d /home/cpu2017/benchspec/CPU/523.xalancbmk_r/run/run_base_refrate_mytest-64.0007 -f speccmds.cmd -q -e speccmds.err -o speccmds.stdout
0.0,0.0,4,9915,14421,/home/cpu2017/bin/specinvoke -d /home/cpu2017/benchspec/CPU/523.xalancbmk_r/run/run_base_refrate_mytest-64.0007 -f speccmds.cmd -q -e speccmds.err -o speccmds.stdout
0.0,0.0,4,9920,14421,/home/cpu2017/bin/specinvoke -d /home/cpu2017/benchspec/CPU/523.xalancbmk_r/run/run_base_refrate_mytest-64.0007 -f speccmds.cmd -q -e speccmds.err -o speccmds.stdout
0.0,0.0,4,9925,14421,/home/cpu2017/bin/specinvoke -d /home/cpu2017/benchspec/CPU/523.xalancbmk_r/run/run_base_refrate_mytest-64.0007 -f speccmds.cmd -q -e speccmds.err -o speccmds.stdout
0.0,0.0,4,9930,14421,/home/cpu2017/bin/specinvoke -d /home/cpu2017/benchspec/CPU/523.xalancbmk_r/run/run_base_refrate_mytest-64.0007 -f speccmds.cmd -q -e speccmds.err -o speccmds.stdout
0.0,0.0,4,9935,14421,/home/cpu2017/bin/specinvoke -d /home/cpu2017/benchspec/CPU/523.xalancbmk_r/run/run_base_refrate_mytest-64.0007 -f speccmds.cmd -q -e speccmds.err -o speccmds.stdout
0.0,0.0,4,9940,14421,/home/cpu2017/bin/specinvoke -d /home/cpu2017/benchspec/CPU/523.xalancbmk_r/run/run_base_refrate_mytest-64.0007 -f speccmds.cmd -q -e speccmds.err -o speccmds.stdout
0.0,0.0,4,9945,14421,/home/cpu2017/bin/specinvoke -d /home/cpu2017/benchspec/CPU/523.xalancbmk_r/run/run_base_refrate_mytest-64.0007 -f speccmds.cmd -q -e speccmds.err -o speccmds.stdout
0.0,0.0,4,9950,14421,/home/cpu2017/bin/specinvoke -d /home/cpu2017/benchspec/CPU/523.xalancbmk_r/run/run_base_refrate_mytest-64.0007 -f speccmds.cmd -q -e speccmds.err -o speccmds.stdout
0.0,0.0,4,9955,14421,/home/cpu2017/bin/specinvoke -d /home/cpu2017/benchspec/CPU/523.xalancbmk_r/run/run_base_refrate_mytest-64.0007 -f speccmds.cmd -q -e speccmds.err -o speccmds.stdout
0.0,0.0,4,9960,14421,/home/cpu2017/bin/specinvoke -d /home/cpu2017/benchspec/CPU/523.xalancbmk_r/run/run_base_refrate_mytest-64.0007 -f speccmds.cmd -q -e speccmds.err -o speccmds.stdout
0.0,0.0,4,9965,14421,/home/cpu2017/bin/specinvoke -d /home/cpu2017/benchspec/CPU/523.xalancbmk_r/run/run_base_refrate_mytest-64.0007 -f speccmds.cmd -q -e speccmds.err -o speccmds.stdout
0.0,0.0,4,9970,14421,/home/cpu2017/bin/specinvoke -d /home/cpu2017/benchspec/CPU/523.xalancbmk_r/run/run_base_refrate_mytest-64.0007 -f speccmds.cmd -q -e speccmds.err -o speccmds.stdout
0.0,0.0,4,9975,14421,/home/cpu2017/bin/specinvoke -d /home/cpu2017/benchspec/CPU/523.xalancbmk_r/run/run_base_refrate_mytest-64.0007 -f speccmds.cmd -q -e speccmds.err -o speccmds.stdout
0.0,0.0,4,9980,14421,/home/cpu2017/bin/specinvoke -d /home/cpu2017/benchspec/CPU/523.xalancbmk_r/run/run_base_refrate_mytest-64.0007 -f speccmds.cmd -q -e speccmds.err -o speccmds.stdout
0.0,0.0,4,9985,14421,/home/cpu2017/bin/specinvoke -d /home/cpu2017/benchspec/CPU/523.xalancbmk_r/run/run_base_refrate_mytest-64.0007 -f speccmds.cmd -q -e speccmds.err -o speccmds.stdout
0.5,0.0,4,15000,18048,/home/cpu2017/bin/specinvoke -d /home/cpu2017/benchspec/CPU/523.xalancbmk_r/run/run_peak_refrate_mytest-64.0007 -f speccmds.cmd -q -e speccmds.err -o speccmds.stdout
0.2,0.0,4,15005,18048,/home/cpu2017/bin/specinvoke -d /home/cpu2017/benchspec/CPU/523.xalancbmk_r/run/run_peak_refrate_mytest-64.0007 -f speccmds.cmd -q -e speccmds.err -o speccmds.stdout
0.1,0.0,4,15010,18048,/home/cpu2017/bin/specinvoke -d /home/cpu2017/benchspec/CPU/523.xalancbmk_r/run/run_peak_refrate_mytest-64.0007 -f speccmds.cmd -q -e speccmds.err -o speccmds.stdout
0.1,0.0,4,15015,18048,/home/cpu2017/bin/specinvoke -d /home/cpu2017/benchspec/CPU/523.xalancbmk_r/run/run_peak_refrate_mytest-64.0007 -f speccmds.cmd -q -e speccmds.err -o speccmds.stdout
0.0,0.0,4,15020,18048,/home/cpu2017/bin/specinvoke -d /home/cpu2017/benchspec/CPU/523.xalancbmk_r/run/run_peak_refrate_mytest-64.0007 -f speccmds.cmd -q -e speccmds.err -o speccmds.stdout
0.0,0.0,4,15025,18048,/home/cpu2017/bin/specinvoke -d /home/cpu2017/benchspec/CPU/523.xalancbmk_r/run/run_peak_refrate_mytest-64.0007 -f speccmds.cmd -q -e speccmds.err -o speccmds.stdout
0.0,0.0,4,15030,18048,/home/cpu2017/bin/specinvoke -d /home/cpu2017/benchspec/CPU/523.xalancbmk_r/run/run_peak_refrate_mytest-64.0007 -f speccmds.cmd -q -e speccmds.err -o speccmds.stdout
0.0,0.0,4,15035,18048,/home/cpu2017/bin/specinvoke -d /home/cpu2017/benchspec/CPU/523.xalancbmk_r/run/run_peak_refrate_mytest-64.0007 -f speccmds.cmd -q -e speccmds.err -o speccmds.stdout
0.0,0.0,4,15040,18048,/home/cpu2017/bin/specinvoke -d /home/cpu2017/benchspec/CPU/523.xalancbmk_r/run/run_peak_refrate_mytest-64.0007 -f speccmds.cmd -q -e speccmds.err -o speccmds.stdout
0.0,0.0,4,15045,18048,/home/cpu2017/bin/specinvoke -d /home/cpu2017/benchspec/CPU/523.xalancbmk_r/run/run_peak_refrate_mytest-64.0007 -f speccmds.cmd -q -e speccmds.err -o speccmds.stdout
0.0,0.0,4,15050,18048,/home/cpu2017/bin/specinvoke -d /home/cpu2017/benchspec/CPU/523.xalancbmk_r/run/run_peak_refrate_mytest-64.0007 -f speccmds.cmd -q -e speccmds.err -o speccmds.stdout
0.0,0.0,4,15055,18048,/home/cpu2017/bin/specinvoke -d /home/cpu2017/benchspec/CPU/523.xalancbmk_r/run/run_peak_refrate_mytest-64.0007 -f speccmds.cmd -q -e speccmds.err -o speccmds.stdout
0.0,0.0,4,15060,18048,/home/cpu2017/bin/specinvoke -d /home/cpu2017/benchspec/CPU/523.xalancbmk_r/run/run_peak_refrate_mytest-64.0007 -f speccmds.cmd -q -e speccmds.err -o speccmds.stdout
0.0,0.0,4,15065,18048,/home/cpu2017/bin/specinvoke -d /home/cpu2017/benchspec/CPU/523.xalancbmk_r/run/run_peak_refrate_mytest-64.0007 -f speccmds.cmd -q -e speccmds.err -o speccmds.stdout
0.0,0.0,4,15070,18048,/home/cpu2017/bin/specinvoke -d /home/cpu2017/benchspec/CPU/523.xalancbmk_r/run/run_peak_refrate_mytest-64.0007 -f speccmds.cmd -q -e speccmds.err -o speccmds.stdout
0.0,0.0,4,15075,18048,/home/cpu2017/bin/specinvoke -d /home/cpu2017/benchspec/CPU/523.xalancbmk_r/run/run_peak_refrate_mytest-64.0007 -f speccmds.cmd -q -e speccmds.err -o speccmds.stdout
0.0,0.0,4,15080,18048,/home/cpu2017/bin/specinvoke -d /home/cpu2017/benchspec/CPU/523.xalancbmk_r/run/run_peak_refrate_mytest-64.0007 -f speccmds.cmd -q -e speccmds.err -o speccmds.stdout
0.0,0.0,4,15085,18048,/home/cpu2017/bin/specinvoke -d /home/cpu2017/benchspec/CPU/523.xalancbmk_r/run/run_peak_refrate_mytest-64.0007 -f speccmds.cmd -q -e speccmds.err -o speccmds.stdout
0.0,0.0,4,15090,18048,/home/cpu2017/bin/specinvoke -d /home/cpu2017/benchspec/CPU/523.xalancbmk_r/run/run_peak_refrate_mytest-64.0007 -f speccmds.cmd -q -e speccmds.err -o speccmds.stdout
0.0,0.0,4,15095,18048,/home/cpu2017/bin/specinvoke -d /home/cpu2017/benchspec/CPU/523.xalancbmk_r/run/run_peak_refrate_mytest-64.0007 -f speccmds.cmd -q -e speccmds.err -o speccmds.stdout
0.0,0.0,4,15100,18048,/home/cpu2017/bin/specinvoke -d /home/cpu2017/benchspec/CPU/523.xalancbmk_r/run/run_peak_refrate_mytest-64.0007 -f speccmds.cmd -q -e speccmds.err -o speccmds.stdout
0.0,0.0,4,15105,18048,/home/cpu2017/bin/specinvoke -d /home/cpu2017/benchspec/CPU/523.xalancbmk_r/run/run_peak_refrate_mytest-64.0007 -f speccmds.cmd -q -e speccmds.err -o speccmds.stdout
0.0,0.0,4,15110,18048,/home/cpu2017/bin/specinvoke -d /home/cpu2017/benchspec/CPU/523.xalancbmk_r/run/run_peak_refrate_mytest-64.0007 -f speccmds.cmd -q -e speccmds.err -o speccmds.stdout
0.0,0.0,4,15115,18048,/home/cpu2017/bin/specinvoke -d /home/cpu2017/benchspec/CPU/523.xalancbmk_r/run/run_peak_refrate_mytest-64.0007 -f speccmds.cmd -q -e speccmds.err -o speccmds.stdout
0.0,0.0,4,15120,18048,/home/cpu2017/bin/specinvoke -d /home/cpu2017/benchspec/CPU/523.xalancbmk_r/run/run_peak_refrate_mytest-64.0007 -f speccmds.cmd -q -e speccmds.err -o speccmds.stdout
0.0,0.0,4,15125,18048,/home/cpu2017/bin/specinvoke -d /home/cpu2017/benchspec/CPU/523.xalancbmk_r/run/run_peak_refrate_mytest-64.0007 -f speccmds.cmd -q -e speccmds.err -o speccmds.stdout
0.0,0.0,4,15130,18048,/home/cpu2017/bin/specinvoke -d /home/cpu2017/benchspec/CPU/523.xalancbmk_r/run/run_peak_refrate_mytest-64.0007 -f speccmds.cmd -q -e speccmds.err -o speccmds.stdout
0.0,0.0,4,15135,18048,/home/cpu2017/bin/specinvoke -d /home/cpu2017/benchspec/CPU/523.xalancbmk_r/run/run_peak_refrate_mytest-64.0007 -f speccmds.cmd -q -e speccmds.err -o speccmds.stdout
0.0,0.0,4,15140,18048,/home/cpu2017/bin/specinvoke -d /home/cpu2017/benchspec/CPU/523.xalancbmk_r/run/run_peak_refrate_mytest-64.0007 -f speccmds.cmd -q -e speccmds.err -o speccmds.stdout
0.0,0.0,4,15145,18048,/home/cpu2017/bin/specinvoke -d /home/cpu2017/benchspec/CPU/523.xalancbmk_r/run/run_peak_refrate_mytest-64.0007 -f speccmds.cmd -q -e speccmds.err -o speccmds.stdout
0.0,0.0,4,15150,18048,/home/cpu2017/bin/specinvoke -d /home/cpu2017/benchspec/CPU/523.xalancbmk_r/run/run_peak_refrate_mytest-64.0007 -f speccmds.cmd -q -e speccmds.err -o speccmds.stdout
0.0,0.0,4,15155,18048,/home/cpu2017/bin/specinvoke -d /home/cpu2017/benchspec/CPU/523.xalancbmk_r/run/run_peak_refrate_mytest-64.0007 -f speccmds.cmd -q -e speccmds.err -o speccmds.stdout
0.0,0.0,4,15160,18048,/home/cpu2017/bin/specinvoke -d /home/cpu2017/benchspec/CPU/523.xalancbmk_r/run/run_peak_refrate_mytest-64.0007 -f speccmds.cmd -q -e speccmds.err -o speccmds.stdout
0.0,0.0,4,15165,18048,/home/cpu2017/bin/specinvoke -d /home/cpu2017/benchspec/CPU/523.xalancbmk_r/run/run_peak_refrate_mytest-64.0007 -f speccmds.cmd -q -e speccmds.err -o speccmds.stdout
0.0,0.0,4,15170,18048,/home/cpu2017/bin/specinvoke -d /home/cpu2017/benchspec/CPU/523.xalancbmk_r/run/run_peak_refrate_mytest-64.0007 -f speccmds.cmd -q -e speccmds.err -o speccmds.stdout
0.0,0.0,4,15175,18048,/home/cpu2017/bin/specinvoke -d /home/cpu2017/benchspec/CPU/523.xalancbmk_r/run/run_peak_refrate_mytest-64.0007 -f speccmds.cmd -q -e speccmds.err -o speccmds.stdout
0.0,0.0,4,15180,18048,/home/cpu2017/bin/specinvoke -d /home/cpu2017/benchspec/CPU/523.xalancbmk_r/run/run_peak_refrate_mytest-64.0007 -f speccmds.cmd -q -e speccmds.err -o speccmds.stdout
0.0,0.0,4,15185,18048,/home/cpu2017/bin/specinvoke -d /home/cpu2017/benchspec/CPU/523.xalancbmk_r/run/run_peak_refrate_mytest-64.0007 -f speccmds.cmd -q -e speccmds.err -o speccmds.stdout
0.0,0.0,4,15190,18048,/home/cpu2017/bin/specinvoke -d /home/cpu2017/benchspec/CPU/523.xalancbmk_r/run/run_peak_refrate_mytest-64.0007 -f speccmds.cmd -q -e speccmds.err -o speccmds.stdout
0.0,0.0,4,15195,18048,/home/cpu2017/bin/specinvoke -d /home/cpu2017/benchspec/CPU/523.xalancbmk_r/run/run_peak_refrate_mytest-64.0007 -f speccmds.cmd -q -e speccmds.err -o speccmds.stdout
0.0,0.0,4,15200,18048,/home/cpu2017/bin/specinvoke -d /home/cpu2017/benchspec/CPU/523.xalancbmk_r/run/run_peak_refrate_mytest-64.0007 -f speccmds.cmd -q -e speccmds.err -o speccmds.stdout
0.0,0.0,4,15205,18048,/home/cpu2017/bin/specinvoke -d /home/cpu2017/benchspec/CPU/523.xalancbmk_r/run/run_peak_refrate_mytest-64.0007 -f speccmds.cmd -q -e speccmds.err -o speccmds.stdout
0.0,0.0,4,15210,18048,/home/cpu2017/bin/specinvoke -d /home/cpu2017/benchspec/CPU/523.xalancbmk_r/run/run_peak_refrate_mytest-64.0007 -f speccmds.cmd -q -e speccmds.err -o speccmds.stdout
0.0,0.0,4,15215,18048,/home/cpu2017/bin/specinvoke -d /home/cpu2017/benchspec/CPU/523.xalancbmk_r/run/run_peak_refrate_mytest-64.0007 -f speccmds.cmd -q -e speccmds.err -o speccmds.stdout
0.0,0.0,4,15220,18048,/home/cpu2017/bin/specinvoke -d /home/cpu2017/benchspec/CPU/523.xalancbmk_r/run/run_peak_refrate_mytest-64.0007 -f speccmds.cmd -q -e speccmds.err -o speccmds.stdout
0.0,0.0,4,15225,18048,/home/cpu2017/bin/specinvoke -d /home/cpu2017/benchspec/CPU/523.xalancbmk_r/run/run_peak_refrate_mytest-64.0007 -f speccmds.cmd -q -e speccmds.err -o speccmds.stdout
0.0,0.0,4,15230,18048,/home/cpu2017/bin/specinvoke -d /home/cpu2017/benchspec/CPU/523.xalancbmk_r/run/run_peak_refrate_mytest-64.0007 -f speccmds.cmd -q -e speccmds.err -o speccmds.stdout
0.0,0.0,4,15235,18048,/home/cpu2017/bin/specinvoke -d /home/cpu2017/benchspec/CPU/523.xalancbmk_r/run/run_peak_refrate_mytest-64.0007 -f speccmds.cmd -q -e speccmds.err -o speccmds.stdout
0.0,0.0,4,15240,18048,/home/cpu2017/bin/specinvoke -d /home/cpu2017/benchspec/CPU/523.xalancbmk_r/run/run_peak_refrate_mytest-64.0007 -f speccmds.cmd -q -e speccmds.err -o speccmds.stdout
0.0,0.0,4,15245,18048,/home/cpu2017/bin/specinvoke -d /home/cpu2017/benchspec/CPU/523.xalancbmk_r/run/run_peak_refrate_mytest-64.0007 -f speccmds.cmd -q -e speccmds.err -o speccmds.stdout
0.0,0.0,4,15250,18048,/home/cpu2017/bin/specinvoke -d /home/cpu2017/benchspec/CPU/523.xalancbmk_r/run/run_peak_refrate_mytest-64.0007 -f speccmds.cmd -q -e speccmds.err -o speccmds.stdout
0.0,0.0,4,15255,18048,/home/cpu2017/bin/specinvoke -d /home/cpu2017/benchspec/CPU/523.xalancbmk_r/run/run_peak_refrate_mytest-64.0007 -f speccmds.cmd -q -e speccmds.err -o speccmds.stdout
0.0,0.0,4,15260,18048,/home/cpu2017/bin/specinvoke -d /home/cpu2017/benchspec/CPU/523.xalancbmk_r/run/run_peak_refrate_mytest-64.0007 -f speccmds.cmd -q -e speccmds.err -o speccmds.stdout
0.0,0.0,4,15265,18048,/home/cpu2017/bin/specinvoke -d /home/cpu2017/benchspec/CPU/523.xalancbmk_r/run/run_peak_refrate_mytest-64.0007 -f speccmds.cmd -q -e speccmds.err -o speccmds.stdout
0.0,0.0,4,15270,18048,/home/cpu2017/bin/specinvoke -d /home/cpu2017/benchspec/CPU/523.xalancbmk_r/run/run_peak_refrate_mytest-64.0007 -f speccmds.cmd -q -e speccmds.err -o speccmds.stdout
0.0,0.0,4,15275,18048,/home/cpu2017/bin/specinvoke -d /home/cpu2017/benchspec/CPU/523.xalancbmk_r/run/run_peak_refrate_mytest-64.0007 -f speccmds.cmd -q -e speccmds.err -o speccmds.stdout
0.0,0.0,4,15280,18048,/home/cpu2017/bin/specinvoke -d /home/cpu2017/benchspec/CPU/523.xalancbmk_r/run/run_peak_refrate_mytest-64.0007 -f speccmds.cmd -q -e speccmds.err -o speccmds.stdout
0.0,0.0,4,15285,18048,/home/cpu2017/bin/specinvoke -d /home/cpu2017/benchspec/CPU/523.xalancbmk_r/run/run_peak_refrate_mytest-64.0007 -f speccmds.cmd -q -e speccmds.err -o speccmds.stdout
0.0,0.0,4,15290,18048,/home/cpu2017/bin/specinvoke -d /home/cpu2017/benchspec/CPU/523.xalancbmk_r/run/run_peak_refrate_mytest-64.0007 -f speccmds.cmd -q -e speccmds.err -o speccmds.stdout
0.0,0.0,4,15295,18048,/home/cpu2017/bin/specinvoke -d /home/cpu2017/benchspec/CPU/523.xalancbmk_r/run/run_peak_refrate_mytest-64.0007 -f speccmds.cmd -q -e speccmds.err -o speccmds.stdout
0.0,0.0,4,15300,18048,/home/cpu2017/bin/specinvoke -d /home/cpu2017/benchspec/CPU/523.xalancbmk_r/run/run_peak_refrate_mytest-64.0007 -f speccmds.cmd -q -e speccmds.err -o speccmds.stdout
0.0,0.0,4,15305,18048,/home/cpu2017/bin/specinvoke -d /home/cpu2017/benchspec/CPU/523.xalancbmk_r/run/run_peak_refrate_mytest-64.0007 -f speccmds.cmd -q -e speccmds.err -o speccmds.stdout
0.0,0.0,4,15310,18048,/home/cpu2017/bin/specinvoke -d /home/cpu2017/benchspec/CPU/523.xalancbmk_r/run/run_peak_refrate_mytest-64.0007 -f speccmds.cmd -q -e speccmds.err -o speccmds.stdout
0.0,0.0,4,15315,18048,/home/cpu2017/bin/specinvoke -d /home/cpu2017/benchspec/CPU/523.xalancbmk_r/run/run_peak_refrate_mytest-64.0007 -f speccmds.cmd -q -e speccmds.err -o speccmds.stdout
0.0,0.0,4,15320,18048,/home/cpu2017/bin/specinvoke -d /home/cpu2017/benchspec/CPU/523.xalancbmk_r/run/run_peak_refrate_mytest-64.0007 -f speccmds.cmd -q -e speccmds.err -o speccmds.stdout
0.0,0.0,4,15325,18048,/home/cpu2017/bin/specinvoke -d /home/cpu2017/benchspec/CPU/523.xalancbmk_r/run/run_peak_refrate_mytest-64.0007 -f speccmds.cmd -q -e speccmds.err -o speccmds.stdout
0.0,0.0,4,15330,18048,/home/cpu2017/bin/specinvoke -d /home/cpu2017/benchspec/CPU/523.xalancbmk_r/run/run_peak_refrate_mytest-64.0007 -f speccmds.cmd -q -e speccmds.err -o speccmds.stdout
0.0,0.0,4,15335,18048,/home/cpu2017/bin/specinvoke -d /home/cpu2017/benchspec/CPU/523.xalancbmk_r/run/run_peak_refrate_mytest-64.0007 -f speccmds.cmd -q -e speccmds.err -o speccmds.stdout
0.0,0.0,4,15340,18048,/home/cpu2017/bin/specinvoke -d /home/cpu2017/benchspec/CPU/523.xalancbmk_r/run/run_peak_refrate_mytest-64.0007 -f speccmds.cmd -q -e speccmds.err -o speccmds.stdout
0.0,0.0,4,15345,18048,/home/cpu2017/bin/specinvoke -d /home/cpu2017/benchspec/CPU/523.xalancbmk_r/run/run_peak_refrate_mytest-64.0007 -f speccmds.cmd -q -e speccmds.err -o speccmds.stdout
0.0,0.0,4,15350,18048,/home/cpu2017/bin/specinvoke -d /home/cpu2017/benchspec/CPU/523.xalancbmk_r/run/run_peak_refrate_mytest-64.0007 -f speccmds.cmd -q -e speccmds.err -o speccmds.stdout
0.0,0.0,4,15355,18048,/home/cpu2017/bin/specinvoke -d /home/cpu2017/benchspec/CPU/523.xalancbmk_r/run/run_peak_refrate_mytest-64.0007 -f speccmds.cmd -q -e speccmds.err -o speccmds.stdout
0.0,0.0,4,15360,18048,/home/cpu2017/bin/specinvoke -d /home/cpu2017/benchspec/CPU/523.xalancbmk_r/run/run_peak_refrate_mytest-64.0007 -f speccmds.cmd -q -e speccmds.err -o speccmds.stdout
0.0,0.0,4,15365,18048,/home/cpu2017/bin/specinvoke -d /home/cpu2017/benchspec/CPU/523.xalancbmk_r/run/run_peak_refrate_mytest-64.0007 -f speccmds.cmd -q -e speccmds.err -o speccmds.stdout
0.0,0.0,4,15370,18048,/home/cpu2017/bin/specinvoke -d /home/cpu2017/benchspec/CPU/523.xalancbmk_r/run/run_peak_refrate_mytest-64.0007 -f speccmds.cmd -q -e speccmds.err -o speccmds.stdout
0.0,0.0,4,15375,18048,/home/cpu2017/bin/specinvoke -d /home/cpu2017/benchspec/CPU/523.xalancbmk_r/run/run_peak_refrate_mytest-64.0007 -f speccmds.cmd -q -e speccmds.err -o speccmds.stdout
0.0,0.0,4,15380,18048,/home/cpu2017/bin/specinvoke -d /home/cpu2017/benchspec/CPU/523.xalancbmk_r/run/run_peak_refrate_mytest-64.0007 -f speccmds.cmd -q -e speccmds.err -o speccmds.stdout
0.0,0.0,4,15385,18048,/home/cpu2017/bin/specinvoke -d /home/cpu2017/benchspec/CPU/523.xalancbmk_r/run/run_peak_refrate_mytest-64.0007 -f speccmds.cmd -q -e speccmds.err -o speccmds.stdout
0.0,0.0,4,15390,18048,/home/cpu2017/bin/specinvoke -d /home/cpu2017/benchspec/CPU/523.xalancbmk_r/run/run_peak_refrate_mytest-64.0007 -f speccmds.cmd -q -e speccmds.err -o speccmds.stdout
0.0,0.0,4,15395,18048,/home/cpu2017/bin/specinvoke -d /home/cpu2017/benchspec/CPU/523.xalancbmk_r/run/run_peak_refrate_mytest-64.0007 -f speccmds.cmd -q -e speccmds.err -o speccmds.stdout
0.0,0.0,4,15400,18048,/home/cpu2017/bin/specinvoke -d /home/cpu2017/benchspec/CPU/523.xalancbmk_r/run/run_peak_refrate_mytest-64.0007 -f speccmds.cmd -q -e speccmds.err -o speccmds.stdout
0.0,0.0,4,15405,18048,/home/cpu2017/bin/specinvoke -d /home/cpu2017/benchspec/CPU/523.xalancbmk_r/run/run_peak_refrate_mytest-64.0007 -f speccmds.cmd -q -e speccmds.err -o speccmds.stdout
0.0,0.0,4,15410,18048,/home/cpu2017/bin/specinvoke -d /home/cpu2017/benchspec/CPU/523.xalancbmk_r/run/run_peak_refrate_mytest-64.0007 -f speccmds.cmd -q -e speccmds.err -o speccmds.stdout
0.0,0.0,4,15415,18048,/home/cpu2017/bin/specinvoke -d /home/cpu2017/benchspec/CPU/523.xalancbmk_r/run/run_peak_refrate_mytest-64.0007 -f speccmds.cmd -q -e speccmds.err -o speccmds.stdout
0.0,0.0,4,15420,18048,/home/cpu2017/bin/specinvoke -d /home/cpu2017/benchspec/CPU/523.xalancbmk_r/run/run_peak_refrate_mytest-64.0007 -f speccmds.cmd -q -e speccmds.err -o speccmds.stdout
0.0,0.0,4,15425,18048,/home/cpu2017/bin/specinvoke -d /home/cpu2017/benchspec/CPU/523.xalancbmk_r/run/run_peak_refrate_mytest-64.0007 -f speccmds.cmd -q -e speccmds.err -o speccmds.stdout
0.0,0.0,4,15430,18048,/home/cpu2017/bin/specinvoke -d /home/cpu2017/benchspec/CPU/523.xalancbmk_r/run/run_peak_refrate_mytest-64.0007 -f speccmds.cmd -q -e speccmds.err -o speccmds.stdout
0.0,0.0,4,15435,18048,/home/cpu2017/bin/specinvoke -d /home/cpu2017/benchspec/CPU/523.xalancbmk_r/run/run_peak_refrate_mytest-64.0007 -f speccmds.cmd -q -e speccmds.err -o speccmds.stdout
0.0,0.0,4,15440,18048,/home/cpu2017/bin/specinvoke -d /home/cpu2017/benchspec/CPU/523.xalancbmk_r/run/run_peak_refrate_mytest-64.0007 -f speccmds.cmd -q -e speccmds.err -o speccmds.stdout
0.0,0.0,5,15445,18048,/home/cpu2017/bin/specinvoke -d /home/cpu2017/benchspec/CPU/523.xalancbmk_r/run/run_peak_refrate_mytest-64.0007 -f speccmds.cmd -q -e speccmds.err -o speccmds.stdout
0.0,0.0,5,15450,18048,/home/cpu2017/bin/specinvoke -d /home/cpu2017/benchspec/CPU/523.xalancbmk_r/run/run_peak_refrate_mytest-64.0007 -f speccmds.cmd -q -e speccmds.err -o speccmds.stdout
0.0,0.0,5,15455,18048,/home/cpu2017/bin/specinvoke -d /home/cpu2017/benchspec/CPU/523.xalancbmk_r/run/run_peak_refrate_mytest-64.0007 -f speccmds.cmd -q -e speccmds.err -o speccmds.stdout
0.0,0.0,5,15460,18048,/home/cpu2017/bin/specinvoke -d /home/cpu2017/benchspec/CPU/523.xalancbmk_r/run/run_peak_refrate_mytest-64.0007 -f speccmds.cmd -q -e speccmds.err -o speccmds.stdout
0.0,0.0,5,15465,18048,/home/cpu2017/bin/specinvoke -d /home/cpu2017/benchspec/CPU/523.xalancbmk_r/run/run_peak_refrate_mytest-64.0007 -f speccmds.cmd -q -e speccmds.err -o speccmds.stdout
0.0,0.0,5,15470,18048,/home/cpu2017/bin/specinvoke -d /home/cpu2017/benchspec/CPU/523.xalancbmk_r/run/run_peak_refrate_mytest-64.0007 -f speccmds.cmd -q -e speccmds.err -o speccmds.stdout
0.0,0.0,5,15475,18048,/home/cpu2017/bin/specinvoke -d /home/cpu2017/benchspec/CPU/523.xalancbmk_r/run/run_peak_refrate_mytest-64.0007 -f speccmds.cmd -q -e speccmds.err -o speccmds.stdout
0.0,0.0,5,15480,18048,/home/cpu2017/bin/specinvoke -d /home/cpu2017/benchspec/CPU/523.xalancbmk_r/run/run_peak_refrate_mytest-64.0007 -f speccmds.cmd -q -e speccmds.err -o speccmds.stdout
0.0,0.0,5,15485,18048,/home/cpu2017/bin/specinvoke -d /home/cpu2017/benchspec/CPU/523.xalancbmk_r/run/run_peak_refrate_mytest-64.0007 -f speccmds.cmd -q -e speccmds.err -o speccmds.stdout
0.3,0.0,4,19700,29457,/home/cpu2017/bin/specinvoke -d /home/cpu2017/benchspec/CPU/523.xalancbmk_r/run/run_peak_refrate_mytest-64.0007 -f speccmds.cmd -q -e speccmds.err -o speccmds.stdout
0.1,0.0,4,19705,29457,/home/cpu2017/bin/specinvoke -d /home/cpu2017/benchspec/CPU/523.xalancbmk_r/run/run_peak_refrate_mytest-64.0007 -f speccmds.cmd -q -e speccmds.err -o speccmds.stdout
0.0,0.0,4,19710,29457,/home/cpu2017/bin/specinvoke -d /home/cpu2017/benchspec/CPU/523.xalancbmk_r/run/run_peak_refrate_mytest-64.0007 -f speccmds.cmd -q -e speccmds.err -o speccmds.stdout
0.0,0.0,4,19715,29457,/home/cpu2017/bin/specinvoke -d /home/cpu2017/benchspec/CPU/523.xalancbmk_r/run/run_peak_refrate_mytest-64.0007 -f speccmds.cmd -q -e speccmds.err -o speccmds.stdout
0.0,0.0,4,19720,29457,/home/cpu2017/bin/specinvoke -d /home/cpu2017/benchspec/CPU/523.xalancbmk_r/run/run_peak_refrate_mytest-64.0007 -f speccmds.cmd -q -e speccmds.err -o speccmds.stdout
0.0,0.0,4,19725,29457,/home/cpu2017/bin/specinvoke -d /home/cpu2017/benchspec/CPU/523.xalancbmk_r/run/run_peak_refrate_mytest-64.0007 -f speccmds.cmd -q -e speccmds.err -o speccmds.stdout
0.0,0.0,4,19730,29457,/home/cpu2017/bin/specinvoke -d /home/cpu2017/benchspec/CPU/523.xalancbmk_r/run/run_peak_refrate_mytest-64.0007 -f speccmds.cmd -q -e speccmds.err -o speccmds.stdout
0.0,0.0,7,19735,29457,/home/cpu2017/bin/specinvoke -d /home/cpu2017/benchspec/CPU/523.xalancbmk_r/run/run_peak_refrate_mytest-64.0007 -f speccmds.cmd -q -e speccmds.err -o speccmds.stdout
0.0,0.0,7,19740,29457,/home/cpu2017/bin/specinvoke -d /home/cpu2017/benchspec/CPU/523.xalancbmk_r/run/run_peak_refrate_mytest-64.0007 -f speccmds.cmd -q -e speccmds.err -o speccmds.stdout
0.0,0.0,7,19745,29457,/home/cpu2017/bin/specinvoke -d /home/cpu2017/benchspec/CPU/523.xalancbmk_r/run/run_peak_refrate_mytest-64.0007 -f speccmds.cmd -q -e speccmds.err -o speccmds.stdout
0.0,0.0,7,19750,29457,/home/cpu2017/bin/specinvoke -d /home/cpu2017/benchspec/CPU/523.xalancbmk_r/run/run_peak_refrate_mytest-64.0007 -f speccmds.cmd -q -e speccmds.err -o speccmds.stdout
0.0,0.0,7,19755,29457,/home/cpu2017/bin/specinvoke -d /home/cpu2017/benchspec/CPU/523.xalancbmk_r/run/run_peak_refrate_mytest-64.0007 -f speccmds.cmd -q -e speccmds.err -o speccmds.stdout
0.0,0.0,7,19760,29457,/home/cpu2017/bin/specinvoke -d /home/cpu2017/benchspec/CPU/523.xalancbmk_r/run/run_peak_refrate_mytest-64.0007 -f speccmds.cmd -q -e speccmds.err -o speccmds.stdout
0.0,0.0,7,19765,29457,/home/cpu2017/bin/specinvoke -d /home/cpu2017/benchspec/CPU/523.xalancbmk_r/run/run_peak_refrate_mytest-64.0007 -f speccmds.cmd -q -e speccmds.err -o speccmds.stdout
0.0,0.0,7,19770,29457,/home/cpu2017/bin/specinvoke -d /home/cpu2017/benchspec/CPU/523.xalancbmk_r/run/run_peak_refrate_mytest-64.0007 -f speccmds.cmd -q -e speccmds.err -o speccmds.stdout
0.0,0.0,4,19775,29457,/home/cpu2017/bin/specinvoke -d /home/cpu2017/benchspec/CPU/523.xalancbmk_r/run/run_peak_refrate_mytest-64.0007 -f speccmds.cmd -q -e speccmds.err -o speccmds.stdout
0.0,0.0,4,19780,29457,/home/cpu2017/bin/specinvoke -d /home/cpu2017/benchspec/CPU/523.xalancbmk_r/run/run_peak_refrate_mytest-64.0007 -f speccmds.cmd -q -e speccmds.err -o speccmds.stdout
0.0,0.0,4,19785,29457,/home/cpu2017/bin/specinvoke -d /home/cpu2017/benchspec/CPU/523.xalancbmk_r/run/run_peak_refrate_mytest-64.0007 -f speccmds.cmd -q -e speccmds.err -o speccmds.stdout
0.0,0.0,4,19790,29457,/home/cpu2017/bin/specinvoke -d /home/cpu2017/benchspec/CPU/523.xalancbmk_r/run/run_peak_refrate_mytest-64.0007 -f speccmds.cmd -q -e speccmds.err -o speccmds.stdout
0.0,0.0,4,19795,29457,/home/cpu2017/bin/specinvoke -d /home/cpu2017/benchspec/CPU/523.xalancbmk_r/run/run_peak_refrate_mytest-64.0007 -f speccmds.cmd -q -e speccmds.err -o speccmds.stdout
0.0,0.0,4,19800,29457,/home/cpu2017/bin/specinvoke -d /home/cpu2017/benchspec/CPU/523.xalancbmk_r/run/run_peak_refrate_mytest-64.0007 -f speccmds.cmd -q -e speccmds.err -o speccmds.stdout
0.0,0.0,4,19805,29457,/home/cpu2017/bin/specinvoke -d /home/cpu2017/benchspec/CPU/523.xalancbmk_r/run/run_peak_refrate_mytest-64.0007 -f speccmds.cmd -q -e speccmds.err -o speccmds.stdout
0.0,0.0,4,19810,29457,/home/cpu2017/bin/specinvoke -d /home/cpu2017/benchspec/CPU/523.xalancbmk_r/run/run_peak_refrate_mytest-64.0007 -f speccmds.cmd -q -e speccmds.err -o speccmds.stdout
0.0,0.0,7,19815,29457,/home/cpu2017/bin/specinvoke -d /home/cpu2017/benchspec/CPU/523.xalancbmk_r/run/run_peak_refrate_mytest-64.0007 -f speccmds.cmd -q -e speccmds.err -o speccmds.stdout
0.0,0.0,7,19820,29457,/home/cpu2017/bin/specinvoke -d /home/cpu2017/benchspec/CPU/523.xalancbmk_r/run/run_peak_refrate_mytest-64.0007 -f speccmds.cmd -q -e speccmds.err -o speccmds.stdout
0.0,0.0,7,19825,29457,/home/cpu2017/bin/specinvoke -d /home/cpu2017/benchspec/CPU/523.xalancbmk_r/run/run_peak_refrate_mytest-64.0007 -f speccmds.cmd -q -e speccmds.err -o speccmds.stdout
0.0,0.0,7,19830,29457,/home/cpu2017/bin/specinvoke -d /home/cpu2017/benchspec/CPU/523.xalancbmk_r/run/run_peak_refrate_mytest-64.0007 -f speccmds.cmd -q -e speccmds.err -o speccmds.stdout
0.0,0.0,7,19835,29457,/home/cpu2017/bin/specinvoke -d /home/cpu2017/benchspec/CPU/523.xalancbmk_r/run/run_peak_refrate_mytest-64.0007 -f speccmds.cmd -q -e speccmds.err -o speccmds.stdout
0.0,0.0,7,19840,29457,/home/cpu2017/bin/specinvoke -d /home/cpu2017/benchspec/CPU/523.xalancbmk_r/run/run_peak_refrate_mytest-64.0007 -f speccmds.cmd -q -e speccmds.err -o speccmds.stdout
0.0,0.0,7,19845,29457,/home/cpu2017/bin/specinvoke -d /home/cpu2017/benchspec/CPU/523.xalancbmk_r/run/run_peak_refrate_mytest-64.0007 -f speccmds.cmd -q -e speccmds.err -o speccmds.stdout
0.0,0.0,7,19850,29457,/home/cpu2017/bin/specinvoke -d /home/cpu2017/benchspec/CPU/523.xalancbmk_r/run/run_peak_refrate_mytest-64.0007 -f speccmds.cmd -q -e speccmds.err -o speccmds.stdout
0.0,0.0,6,19855,29457,/home/cpu2017/bin/specinvoke -d /home/cpu2017/benchspec/CPU/523.xalancbmk_r/run/run_peak_refrate_mytest-64.0007 -f speccmds.cmd -q -e speccmds.err -o speccmds.stdout
0.0,0.0,6,19860,29457,/home/cpu2017/bin/specinvoke -d /home/cpu2017/benchspec/CPU/523.xalancbmk_r/run/run_peak_refrate_mytest-64.0007 -f speccmds.cmd -q -e speccmds.err -o speccmds.stdout
0.0,0.0,6,19865,29457,/home/cpu2017/bin/specinvoke -d /home/cpu2017/benchspec/CPU/523.xalancbmk_r/run/run_peak_refrate_mytest-64.0007 -f speccmds.cmd -q -e speccmds.err -o speccmds.stdout
0.0,0.0,6,19870,29457,/home/cpu2017/bin/specinvoke -d /home/cpu2017/benchspec/CPU/523.xalancbmk_r/run/run_peak_refrate_mytest-64.0007 -f speccmds.cmd -q -e speccmds.err -o speccmds.stdout
0.0,0.0,6,19875,29457,/home/cpu2017/bin/specinvoke -d /home/cpu2017/benchspec/CPU/523.xalancbmk_r/run/run_peak_refrate_mytest-64.0007 -f speccmds.cmd -q -e speccmds.err -o speccmds.stdout
0.0,0.0,6,19880,29457,/home/cpu2017/bin/specinvoke -d /home/cpu2017/benchspec/CPU/523.xalancbmk_r/run/run_peak_refrate_mytest-64.0007 -f speccmds.cmd -q -e speccmds.err -o speccmds.stdout
0.0,0.0,6,19885,29457,/home/cpu2017/bin/specinvoke -d /home/cpu2017/benchspec/CPU/523.xalancbmk_r/run/run_peak_refrate_mytest-64.0007 -f speccmds.cmd -q -e speccmds.err -o speccmds.stdout
0.0,0.0,6,19890,29457,/home/cpu2017/bin/specinvoke -d /home/cpu2017/benchspec/CPU/523.xalancbmk_r/run/run_peak_refrate_mytest-64.0007 -f speccmds.cmd -q -e speccmds.err -o speccmds.stdout
0.0,0.0,3,19895,29457,/home/cpu2017/bin/specinvoke -d /home/cpu2017/benchspec/CPU/523.xalancbmk_r/run/run_peak_refrate_mytest-64.0007 -f speccmds.cmd -q -e speccmds.err -o speccmds.stdout
0.0,0.0,7,19900,29457,/home/cpu2017/bin/specinvoke -d /home/cpu2017/benchspec/CPU/523.xalancbmk_r/run/run_peak_refrate_mytest-64.0007 -f speccmds.cmd -q -e speccmds.err -o speccmds.stdout
0.0,0.0,7,19905,29457,/home/cpu2017/bin/specinvoke -d /home/cpu2017/benchspec/CPU/523.xalancbmk_r/run/run_peak_refrate_mytest-64.0007 -f speccmds.cmd -q -e speccmds.err -o speccmds.stdout
0.0,0.0,3,19910,29457,/home/cpu2017/bin/specinvoke -d /home/cpu2017/benchspec/CPU/523.xalancbmk_r/run/run_peak_refrate_mytest-64.0007 -f speccmds.cmd -q -e speccmds.err -o speccmds.stdout
0.0,0.0,3,19915,29457,/home/cpu2017/bin/specinvoke -d /home/cpu2017/benchspec/CPU/523.xalancbmk_r/run/run_peak_refrate_mytest-64.0007 -f speccmds.cmd -q -e speccmds.err -o speccmds.stdout
0.0,0.0,6,19920,29457,/home/cpu2017/bin/specinvoke -d /home/cpu2017/benchspec/CPU/523.xalancbmk_r/run/run_peak_refrate_mytest-64.0007 -f speccmds.cmd -q -e speccmds.err -o speccmds.stdout
0.0,0.0,6,19925,29457,/home/cpu2017/bin/specinvoke -d /home/cpu2017/benchspec/CPU/523.xalancbmk_r/run/run_peak_refrate_mytest-64.0007 -f speccmds.cmd -q -e speccmds.err -o speccmds.stdout
0.0,0.0,6,19930,29457,/home/cpu2017/bin/specinvoke -d /home/cpu2017/benchspec/CPU/523.xalancbmk_r/run/run_peak_refrate_mytest-64.0007 -f speccmds.cmd -q -e speccmds.err -o speccmds.stdout
0.0,0.0,6,19935,29457,/home/cpu2017/bin/specinvoke -d /home/cpu2017/benchspec/CPU/523.xalancbmk_r/run/run_peak_refrate_mytest-64.0007 -f speccmds.cmd -q -e speccmds.err -o speccmds.stdout
0.0,0.0,6,19940,29457,/home/cpu2017/bin/specinvoke -d /home/cpu2017/benchspec/CPU/523.xalancbmk_r/run/run_peak_refrate_mytest-64.0007 -f speccmds.cmd -q -e speccmds.err -o speccmds.stdout
0.0,0.0,6,19945,29457,/home/cpu2017/bin/specinvoke -d /home/cpu2017/benchspec/CPU/523.xalancbmk_r/run/run_peak_refrate_mytest-64.0007 -f speccmds.cmd -q -e speccmds.err -o speccmds.stdout
0.0,0.0,7,19950,29457,/home/cpu2017/bin/specinvoke -d /home/cpu2017/benchspec/CPU/523.xalancbmk_r/run/run_peak_refrate_mytest-64.0007 -f speccmds.cmd -q -e speccmds.err -o speccmds.stdout
0.0,0.0,7,19955,29457,/home/cpu2017/bin/specinvoke -d /home/cpu2017/benchspec/CPU/523.xalancbmk_r/run/run_peak_refrate_mytest-64.0007 -f speccmds.cmd -q -e speccmds.err -o speccmds.stdout
0.0,0.0,7,19960,29457,/home/cpu2017/bin/specinvoke -d /home/cpu2017/benchspec/CPU/523.xalancbmk_r/run/run_peak_refrate_mytest-64.0007 -f speccmds.cmd -q -e speccmds.err -o speccmds.stdout
0.0,0.0,7,19965,29457,/home/cpu2017/bin/specinvoke -d /home/cpu2017/benchspec/CPU/523.xalancbmk_r/run/run_peak_refrate_mytest-64.0007 -f speccmds.cmd -q -e speccmds.err -o speccmds.stdout
0.0,0.0,7,19970,29457,/home/cpu2017/bin/specinvoke -d /home/cpu2017/benchspec/CPU/523.xalancbmk_r/run/run_peak_refrate_mytest-64.0007 -f speccmds.cmd -q -e speccmds.err -o speccmds.stdout
0.0,0.0,7,19975,29457,/home/cpu2017/bin/specinvoke -d /home/cpu2017/benchspec/CPU/523.xalancbmk_r/run/run_peak_refrate_mytest-64.0007 -f speccmds.cmd -q -e speccmds.err -o speccmds.stdout
0.0,0.0,7,19980,29457,/home/cpu2017/bin/specinvoke -d /home/cpu2017/benchspec/CPU/523.xalancbmk_r/run/run_peak_refrate_mytest-64.0007 -f speccmds.cmd -q -e speccmds.err -o speccmds.stdout
0.0,0.0,2,19985,29457,/home/cpu2017/bin/specinvoke -d /home/cpu2017/benchspec/CPU/523.xalancbmk_r/run/run_peak_refrate_mytest-64.0007 -f speccmds.cmd -q -e speccmds.err -o speccmds.stdout
0.0,0.0,2,19990,29457,/home/cpu2017/bin/specinvoke -d /home/cpu2017/benchspec/CPU/523.xalancbmk_r/run/run_peak_refrate_mytest-64.0007 -f speccmds.cmd -q -e speccmds.err -o speccmds.stdout
0.0,0.0,2,19995,29457,/home/cpu2017/bin/specinvoke -d /home/cpu2017/benchspec/CPU/523.xalancbmk_r/run/run_peak_refrate_mytest-64.0007 -f speccmds.cmd -q -e speccmds.err -o speccmds.stdout
0.0,0.0,2,20000,29457,/home/cpu2017/bin/specinvoke -d /home/cpu2017/benchspec/CPU/523.xalancbmk_r/run/run_peak_refrate_mytest-64.0007 -f speccmds.cmd -q -e speccmds.err -o speccmds.stdout
0.0,0.0,2,20005,29457,/home/cpu2017/bin/specinvoke -d /home/cpu2017/benchspec/CPU/523.xalancbmk_r/run/run_peak_refrate_mytest-64.0007 -f speccmds.cmd -q -e speccmds.err -o speccmds.stdout
0.0,0.0,2,20010,29457,/home/cpu2017/bin/specinvoke -d /home/cpu2017/benchspec/CPU/523.xalancbmk_r/run/run_peak_refrate_mytest-64.0007 -f speccmds.cmd -q -e speccmds.err -o speccmds.stdout
0.0,0.0,2,20015,29457,/home/cpu2017/bin/specinvoke -d /home/cpu2017/benchspec/CPU/523.xalancbmk_r/run/run_peak_refrate_mytest-64.0007 -f speccmds.cmd -q -e speccmds.err -o speccmds.stdout
0.0,0.0,2,20020,29457,/home/cpu2017/bin/specinvoke -d /home/cpu2017/benchspec/CPU/523.xalancbmk_r/run/run_peak_refrate_mytest-64.0007 -f speccmds.cmd -q -e speccmds.err -o speccmds.stdout
0.0,0.0,6,20025,29457,/home/cpu2017/bin/specinvoke -d /home/cpu2017/benchspec/CPU/523.xalancbmk_r/run/run_peak_refrate_mytest-64.0007 -f speccmds.cmd -q -e speccmds.err -o speccmds.stdout
0.0,0.0,6,20030,29457,/home/cpu2017/bin/specinvoke -d /home/cpu2017/benchspec/CPU/523.xalancbmk_r/run/run_peak_refrate_mytest-64.0007 -f speccmds.cmd -q -e speccmds.err -o speccmds.stdout
0.0,0.0,6,20035,29457,/home/cpu2017/bin/specinvoke -d /home/cpu2017/benchspec/CPU/523.xalancbmk_r/run/run_peak_refrate_mytest-64.0007 -f speccmds.cmd -q -e speccmds.err -o speccmds.stdout
0.0,0.0,6,20040,29457,/home/cpu2017/bin/specinvoke -d /home/cpu2017/benchspec/CPU/523.xalancbmk_r/run/run_peak_refrate_mytest-64.0007 -f speccmds.cmd -q -e speccmds.err -o speccmds.stdout
0.0,0.0,6,20045,29457,/home/cpu2017/bin/specinvoke -d /home/cpu2017/benchspec/CPU/523.xalancbmk_r/run/run_peak_refrate_mytest-64.0007 -f speccmds.cmd -q -e speccmds.err -o speccmds.stdout
0.0,0.0,6,20050,29457,/home/cpu2017/bin/specinvoke -d /home/cpu2017/benchspec/CPU/523.xalancbmk_r/run/run_peak_refrate_mytest-64.0007 -f speccmds.cmd -q -e speccmds.err -o speccmds.stdout
0.0,0.0,6,20055,29457,/home/cpu2017/bin/specinvoke -d /home/cpu2017/benchspec/CPU/523.xalancbmk_r/run/run_peak_refrate_mytest-64.0007 -f speccmds.cmd -q -e speccmds.err -o speccmds.stdout
0.0,0.0,6,20060,29457,/home/cpu2017/bin/specinvoke -d /home/cpu2017/benchspec/CPU/523.xalancbmk_r/run/run_peak_refrate_mytest-64.0007 -f speccmds.cmd -q -e speccmds.err -o speccmds.stdout
0.0,0.0,6,20065,29457,/home/cpu2017/bin/specinvoke -d /home/cpu2017/benchspec/CPU/523.xalancbmk_r/run/run_peak_refrate_mytest-64.0007 -f speccmds.cmd -q -e speccmds.err -o speccmds.stdout
0.0,0.0,6,20070,29457,/home/cpu2017/bin/specinvoke -d /home/cpu2017/benchspec/CPU/523.xalancbmk_r/run/run_peak_refrate_mytest-64.0007 -f speccmds.cmd -q -e speccmds.err -o speccmds.stdout
0.0,0.0,6,20075,29457,/home/cpu2017/bin/specinvoke -d /home/cpu2017/benchspec/CPU/523.xalancbmk_r/run/run_peak_refrate_mytest-64.0007 -f speccmds.cmd -q -e speccmds.err -o speccmds.stdout
0.0,0.0,6,20080,29457,/home/cpu2017/bin/specinvoke -d /home/cpu2017/benchspec/CPU/523.xalancbmk_r/run/run_peak_refrate_mytest-64.0007 -f speccmds.cmd -q -e speccmds.err -o speccmds.stdout
0.0,0.0,6,20085,29457,/home/cpu2017/bin/specinvoke -d /home/cpu2017/benchspec/CPU/523.xalancbmk_r/run/run_peak_refrate_mytest-64.0007 -f speccmds.cmd -q -e speccmds.err -o speccmds.stdout
0.0,0.0,6,20090,29457,/home/cpu2017/bin/specinvoke -d /home/cpu2017/benchspec/CPU/523.xalancbmk_r/run/run_peak_refrate_mytest-64.0007 -f speccmds.cmd -q -e speccmds.err -o speccmds.stdout
0.0,0.0,6,20095,29457,/home/cpu2017/bin/specinvoke -d /home/cpu2017/benchspec/CPU/523.xalancbmk_r/run/run_peak_refrate_mytest-64.0007 -f speccmds.cmd -q -e speccmds.err -o speccmds.stdout
0.0,0.0,6,20100,29457,/home/cpu2017/bin/specinvoke -d /home/cpu2017/benchspec/CPU/523.xalancbmk_r/run/run_peak_refrate_mytest-64.0007 -f speccmds.cmd -q -e speccmds.err -o speccmds.stdout
0.0,0.0,6,20105,29457,/home/cpu2017/bin/specinvoke -d /home/cpu2017/benchspec/CPU/523.xalancbmk_r/run/run_peak_refrate_mytest-64.0007 -f speccmds.cmd -q -e speccmds.err -o speccmds.stdout
0.0,0.0,6,20110,29457,/home/cpu2017/bin/specinvoke -d /home/cpu2017/benchspec/CPU/523.xalancbmk_r/run/run_peak_refrate_mytest-64.0007 -f speccmds.cmd -q -e speccmds.err -o speccmds.stdout
0.0,0.0,6,20115,29457,/home/cpu2017/bin/specinvoke -d /home/cpu2017/benchspec/CPU/523.xalancbmk_r/run/run_peak_refrate_mytest-64.0007 -f speccmds.cmd -q -e speccmds.err -o speccmds.stdout
